<?xml version="1.0" encoding="utf-8"?>
<edmx:Edmx Version="4.0" 
    xmlns:edmx="http://docs.oasis-open.org/odata/ns/edmx">
    <edmx:Reference Uri="../../catalogservice;v=2/Vocabularies(TechnicalName='%2FIWBEP%2FVOC_COMMON',Version='0001',SAP__Origin='LOCAL')/$value">
        <edmx:Include Namespace="com.sap.vocabularies.Common.v1" Alias="Common"/>
    </edmx:Reference>
    <edmx:Reference Uri="../../catalogservice;v=2/Vocabularies(TechnicalName='%2FIWBEP%2FVOC_UI',Version='0001',SAP__Origin='LOCAL')/$value">
        <edmx:Include Namespace="com.sap.vocabularies.UI.v1" Alias="UI"/>
    </edmx:Reference>
    <edmx:Reference Uri="../../catalogservice;v=2/Vocabularies(TechnicalName='%2FIWBEP%2FVOC_COMMUNICATION',Version='0001',SAP__Origin='LOCAL')/$value">
        <edmx:Include Namespace="com.sap.vocabularies.Communication.v1" Alias="Communication"/>
    </edmx:Reference>
    <edmx:Reference Uri="../../../sap/sepmra_ovw/$metadata">
        <edmx:Include Namespace="SEPMRA_OVW" Alias="SAP"/>
    </edmx:Reference>
    <edmx:DataServices>
        <Schema Namespace="sepmra_ovw_anno_mdl.v1" 
            xmlns="http://docs.oasis-open.org/odata/ns/edm">
            <Annotations Target="SEPMRA_OVW.SEPMRA_C_OVW_DuePurchaseOrdersType/to_Currency">
                <Annotation Term="UI.HiddenFilter"/>
            </Annotations>
            <Annotations Target="SEPMRA_OVW.SEPMRA_C_OVW_DuePurchaseOrdersType/to_QuantityUnit">
                <Annotation Term="UI.HiddenFilter"/>
            </Annotations>
            <Annotations Target="SEPMRA_OVW.SEPMRA_C_OVW_DuePurchaseOrdersType/to_Supplier">
                <Annotation Term="UI.HiddenFilter"/>
            </Annotations>
            <Annotations Target="SEPMRA_OVW.SEPMRA_C_OVW_DuePurchaseOrdersType/PurchaseOrder">
                <Annotation Term="Common.SemanticObject" String="EPMPurchaseOrder"/>
            </Annotations>
            <Annotations Target="SEPMRA_OVW.SEPMRA_C_OVW_DuePurchaseOrdersType">
                <Annotation Term="UI.HeaderInfo">
                    <Record>
                        <PropertyValue Property="TypeName" String="Due Delivery"/>
                        <PropertyValue Property="TypeNamePlural" String="Due Deliveries"/>
                        <PropertyValue Property="Title">
                            <Record Type="UI.DataField">
                                <PropertyValue Property="Value" Path="PurchaseOrder"/>
                            </Record>
                        </PropertyValue>
                        <PropertyValue Property="Description">
                            <Record Type="UI.DataField">
                                <PropertyValue Property="Value" Path="LatestDeliveryDate"/>
                            </Record>
                        </PropertyValue>
                    </Record>
                </Annotation>
                <Annotation Term="UI.Identification">
                    <Collection>
                        <Record Type="UI.DataFieldForIntentBasedNavigation">
                            <PropertyValue Property="Label" String="Manage Purchase Orders"/>
                            <PropertyValue Property="SemanticObject" String="EPMPurchaseOrder"/>
                            <PropertyValue Property="Action" String="manage"/>
                            <PropertyValue Property="RequiresContext" Bool="false"/>
                            <Annotation Term="UI.Importance" EnumMember="UI.ImportanceType/High"/>
                        </Record>
                    </Collection>
                </Annotation>
                <Annotation Term="UI.LineItem">
                    <Collection>
                        <Record Type="UI.DataField">
                            <PropertyValue Property="Value" Path="SupplierName"/>
                            <Annotation Term="UI.Importance" EnumMember="UI.ImportanceType/High"/>
                        </Record>
                        <Record Type="UI.DataField">
                            <PropertyValue Property="Value" Path="TotalQuantity"/>
                            <Annotation Term="UI.Importance" EnumMember="UI.ImportanceType/High"/>
                        </Record>
                        <Record Type="UI.DataField">
                            <PropertyValue Property="Value" Path="LatestDeliveryDate"/>
                            <Annotation Term="UI.Importance" EnumMember="UI.ImportanceType/High"/>
                        </Record>
                        <Record Type="UI.DataField">
                            <PropertyValue Property="Value" Path="GrossAmount"/>
                            <Annotation Term="UI.Importance" EnumMember="UI.ImportanceType/High"/>
                        </Record>
                    </Collection>
                </Annotation>
                <Annotation Term="Communication.Contact">
                    <Record>
                        <PropertyValue Property="fn" Path="SupplierName"/>
                    </Record>
                </Annotation>
            </Annotations>
            <Annotations Target="SEPMRA_OVW.SEPMRA_C_OVW_EmployeesType">
                <Annotation Term="UI.HeaderInfo">
                    <Record>
                        <PropertyValue Property="TypeName" String="Employee"/>
                        <PropertyValue Property="TypeNamePlural" String="Employees"/>
                        <PropertyValue Property="ImageUrl" Path="EmployeePictureURL"/>
                        <PropertyValue Property="Title">
                            <Record Type="UI.DataField">
                                <PropertyValue Property="Value" Path="FullName"/>
                            </Record>
                        </PropertyValue>
                        <PropertyValue Property="Description">
                            <Record Type="UI.DataField">
                                <PropertyValue Property="Value" Path="SystemUser"/>
                            </Record>
                        </PropertyValue>
                    </Record>
                </Annotation>
                <Annotation Term="UI.LineItem">
                    <Collection>
                        <Record Type="UI.DataField">
                            <PropertyValue Property="Value" Path="FullName"/>
                            <Annotation Term="UI.Importance" EnumMember="UI.ImportanceType/High"/>
                        </Record>
                        <Record Type="UI.DataField">
                            <PropertyValue Property="Value" Path="Employee"/>
                            <Annotation Term="UI.Importance" EnumMember="UI.ImportanceType/High"/>
                        </Record>
                        <Record Type="UI.DataField">
                            <PropertyValue Property="Value" Path="PhoneNumber"/>
                            <Annotation Term="UI.Importance" EnumMember="UI.ImportanceType/High"/>
                        </Record>
                        <Record Type="UI.DataField">
                            <PropertyValue Property="Value" Path="MobilePhoneNumber"/>
                            <Annotation Term="UI.Importance" EnumMember="UI.ImportanceType/High"/>
                        </Record>
                        <Record Type="UI.DataField">
                            <PropertyValue Property="Value" Path="EmailAddress"/>
                            <Annotation Term="UI.Importance" EnumMember="UI.ImportanceType/High"/>
                        </Record>
                    </Collection>
                </Annotation>
                <Annotation Term="Communication.Contact">
                    <Record>
                        <PropertyValue Property="fn" Path="FullName"/>
                        <PropertyValue Property="n">
                            <Record>
                                <PropertyValue Property="given" Path="FirstName"/>
                                <PropertyValue Property="additional" Path="MiddleName"/>
                                <PropertyValue Property="surname" Path="LastName"/>
                            </Record>
                        </PropertyValue>
                        <PropertyValue Property="photo" Path="EmployeePictureURL"/>
                        <PropertyValue Property="tel">
                            <Collection>
                                <Record>
                                    <PropertyValue Property="type" EnumMember="Communication.PhoneType/cell Communication.PhoneType/work"/>
                                    <PropertyValue Property="uri" Path="MobilePhoneNumber"/>
                                </Record>
                                <Record>
                                    <PropertyValue Property="type" EnumMember="Communication.PhoneType/work Communication.PhoneType/preferred"/>
                                    <PropertyValue Property="uri" Path="PhoneNumber"/>
                                </Record>
                            </Collection>
                        </PropertyValue>
                        <PropertyValue Property="email">
                            <Collection>
                                <Record>
                                    <PropertyValue Property="type" EnumMember="Communication.ContactInformationType/work Communication.ContactInformationType/pref"/>
                                    <PropertyValue Property="address" Path="EmailAddress"/>
                                </Record>
                            </Collection>
                        </PropertyValue>
                    </Record>
                </Annotation>
            </Annotations>
            <Annotations Target="SEPMRA_OVW.SEPMRA_C_OVW_LastSaleDateType/Product">
                <Annotation Term="Common.SemanticObject" String="EPMProduct"/>
            </Annotations>
            <Annotations Target="SEPMRA_OVW.SEPMRA_C_OVW_LastSaleDateType/Supplier">
                <Annotation Term="Common.SemanticObject" String="EPMSupplier"/>
            </Annotations>
            <Annotations Target="SEPMRA_OVW.SEPMRA_C_OVW_LastSaleDateType">
                <Annotation Term="UI.FieldGroup" Qualifier="ProductInfo">
                    <Record>
                        <PropertyValue Property="Data">
                            <Collection>
                                <Record Type="UI.DataField">
                                    <PropertyValue Property="Label" String="Price"/>
                                    <PropertyValue Property="Value" Path="Price"/>
                                    <Annotation Term="UI.Importance" EnumMember="UI.ImportanceType/High"/>
                                </Record>
                                <Record Type="UI.DataField">
                                    <PropertyValue Property="Label" String="Last bought"/>
                                    <PropertyValue Property="Value" Path="LastSoldDateTime"/>
                                    <Annotation Term="UI.Importance" EnumMember="UI.ImportanceType/High"/>
                                </Record>
                            </Collection>
                        </PropertyValue>
                    </Record>
                </Annotation>
                <Annotation Term="UI.FieldGroup" Qualifier="Reviews">
                    <Record>
                        <PropertyValue Property="Data">
                            <Collection>
                                <Record Type="UI.DataField">
                                    <PropertyValue Property="Label" String="Rating"/>
                                    <PropertyValue Property="Value" Path="AverageRatingValue"/>
                                    <Annotation Term="UI.Importance" EnumMember="UI.ImportanceType/High"/>
                                </Record>
                                <Record Type="UI.DataField">
                                    <PropertyValue Property="Label" String="Number of Reviews"/>
                                    <PropertyValue Property="Value" Path="NumberOfReviewPosts"/>
                                    <Annotation Term="UI.Importance" EnumMember="UI.ImportanceType/High"/>
                                </Record>
                            </Collection>
                        </PropertyValue>
                    </Record>
                </Annotation>
                <Annotation Term="UI.HeaderInfo">
                    <Record>
                        <PropertyValue Property="TypeName" String="Product"/>
                        <PropertyValue Property="TypeNamePlural" String="Products"/>
                        <PropertyValue Property="ImageUrl" Path="ProductPictureURL"/>
                        <PropertyValue Property="Title">
                            <Record Type="UI.DataField">
                                <PropertyValue Property="Value" Path="ProductName"/>
                            </Record>
                        </PropertyValue>
                        <PropertyValue Property="Description">
                            <Record Type="UI.DataField">
                                <PropertyValue Property="Value" Path="ProductDescription"/>
                            </Record>
                        </PropertyValue>
                    </Record>
                </Annotation>
                <Annotation Term="UI.Identification">
                    <Collection>
                        <Record Type="UI.DataFieldForIntentBasedNavigation">
                            <PropertyValue Property="Label" String="Manage Product"/>
                            <PropertyValue Property="SemanticObject" String="EPMProduct"/>
                            <PropertyValue Property="Action" String="manage_st"/>
                            <PropertyValue Property="RequiresContext" Bool="false"/>
                            <Annotation Term="UI.Importance" EnumMember="UI.ImportanceType/Medium"/>
                        </Record>
                    </Collection>
                </Annotation>
                <Annotation Term="Communication.Contact">
                    <Record>
                        <PropertyValue Property="fn" Path="SupplierName"/>
                    </Record>
                </Annotation>
            </Annotations>
            <Annotations Target="SEPMRA_OVW.SEPMRA_C_OVW_POApproveType/Activation_ac">
                <Annotation Term="Common.FieldControl" EnumMember="Common.FieldControlType/Hidden"/>
                <Annotation Term="UI.Hidden"/>
            </Annotations>
            <Annotations Target="SEPMRA_OVW.SEPMRA_C_OVW_POApproveType/Approve_ac">
                <Annotation Term="Common.FieldControl" EnumMember="Common.FieldControlType/Hidden"/>
                <Annotation Term="UI.Hidden"/>
            </Annotations>
            <Annotations Target="SEPMRA_OVW.SEPMRA_C_OVW_POApproveType/Copy_ac">
                <Annotation Term="Common.FieldControl" EnumMember="Common.FieldControlType/Hidden"/>
                <Annotation Term="UI.Hidden"/>
            </Annotations>
            <Annotations Target="SEPMRA_OVW.SEPMRA_C_OVW_POApproveType/Edit_ac">
                <Annotation Term="Common.FieldControl" EnumMember="Common.FieldControlType/Hidden"/>
                <Annotation Term="UI.Hidden"/>
            </Annotations>
            <Annotations Target="SEPMRA_OVW.SEPMRA_C_OVW_POApproveType/Goodsreceipt_ac">
                <Annotation Term="Common.FieldControl" EnumMember="Common.FieldControlType/Hidden"/>
                <Annotation Term="UI.Hidden"/>
            </Annotations>
            <Annotations Target="SEPMRA_OVW.SEPMRA_C_OVW_POApproveType/Preparation_ac">
                <Annotation Term="Common.FieldControl" EnumMember="Common.FieldControlType/Hidden"/>
                <Annotation Term="UI.Hidden"/>
            </Annotations>
            <Annotations Target="SEPMRA_OVW.SEPMRA_C_OVW_POApproveType/Reject_ac">
                <Annotation Term="Common.FieldControl" EnumMember="Common.FieldControlType/Hidden"/>
                <Annotation Term="UI.Hidden"/>
            </Annotations>
            <Annotations Target="SEPMRA_OVW.SEPMRA_C_OVW_POApproveType/Validation_ac">
                <Annotation Term="Common.FieldControl" EnumMember="Common.FieldControlType/Hidden"/>
                <Annotation Term="UI.Hidden"/>
            </Annotations>
            <Annotations Target="SEPMRA_OVW.SEPMRA_C_OVW_POApproveType/PurchaseOrder">
                <Annotation Term="Common.SemanticObject" String="EPMPurchaseOrder"/>
            </Annotations>
            <Annotations Target="SEPMRA_OVW.SEPMRA_C_OVW_POApproveType">
                <Annotation Term="UI.FieldGroup">
                    <Record>
                        <PropertyValue Property="Data">
                            <Collection>
                                <Record Type="UI.DataField">
                                    <PropertyValue Property="Label" String="Gross Amount"/>
                                    <PropertyValue Property="Value" Path="GrossAmountInTransacCurrency"/>
                                    <Annotation Term="UI.Importance" EnumMember="UI.ImportanceType/High"/>
                                </Record>
                                <Record Type="UI.DataField">
                                    <PropertyValue Property="Label" String="Number of Items"/>
                                    <PropertyValue Property="Value" Path="NumberOfItems"/>
                                    <Annotation Term="UI.Importance" EnumMember="UI.ImportanceType/High"/>
                                </Record>
                                <Record Type="UI.DataField">
                                    <PropertyValue Property="Label" String="Ordered by"/>
                                    <PropertyValue Property="Value" Path="OrderedByName"/>
                                    <Annotation Term="UI.Importance" EnumMember="UI.ImportanceType/High"/>
                                </Record>
                                <Record Type="UI.DataField">
                                    <PropertyValue Property="Label" String="Ordered on"/>
                                    <PropertyValue Property="Value" Path="CreationDateTime"/>
                                    <Annotation Term="UI.Importance" EnumMember="UI.ImportanceType/High"/>
                                </Record>
                            </Collection>
                        </PropertyValue>
                    </Record>
                </Annotation>
                <Annotation Term="UI.HeaderInfo">
                    <Record>
                        <PropertyValue Property="TypeName" String="Purchase Order to Approve"/>
                        <PropertyValue Property="TypeNamePlural" String="Purchase Orders to Approve"/>
                        <PropertyValue Property="ImageUrl" Path="ApprovalIcon"/>
                        <PropertyValue Property="Title">
                            <Record Type="UI.DataField">
                                <PropertyValue Property="Value" Path="SupplierName"/>
                            </Record>
                        </PropertyValue>
                        <PropertyValue Property="Description">
                            <Record Type="UI.DataField">
                                <PropertyValue Property="Value" Path="PurchaseOrder"/>
                            </Record>
                        </PropertyValue>
                    </Record>
                </Annotation>
                <Annotation Term="UI.Identification">
                    <Collection>
                        <Record Type="UI.DataFieldForIntentBasedNavigation">
                            <PropertyValue Property="Label" String="Approve Purchase Orders"/>
                            <PropertyValue Property="SemanticObject" String="EPMPurchaseOrder"/>
                            <PropertyValue Property="Action" String="approve"/>
                            <PropertyValue Property="RequiresContext" Bool="false"/>
                            <Annotation Term="UI.Importance" EnumMember="UI.ImportanceType/Low"/>
                        </Record>
                        <Record Type="UI.DataFieldForAction">
                            <PropertyValue Property="Label" String="Reject"/>
                            <PropertyValue Property="Action" String="SEPMRA_OVW.SEPMRA_OVW_Entities/SEPMRA_C_OVW_POApproveReject"/>
                            <PropertyValue Property="InvocationGrouping" EnumMember="UI.OperationGroupingType/Isolated"/>
                            <Annotation Term="UI.Importance" EnumMember="UI.ImportanceType/Medium"/>
                        </Record>
                        <Record Type="UI.DataFieldForAction">
                            <PropertyValue Property="Label" String="Approve"/>
                            <PropertyValue Property="Action" String="SEPMRA_OVW.SEPMRA_OVW_Entities/SEPMRA_C_OVW_POApproveApprove"/>
                            <PropertyValue Property="InvocationGrouping" EnumMember="UI.OperationGroupingType/Isolated"/>
                            <Annotation Term="UI.Importance" EnumMember="UI.ImportanceType/High"/>
                        </Record>
                    </Collection>
                </Annotation>
                <Annotation Term="Communication.Contact">
                    <Record>
                        <PropertyValue Property="fn" Path="SupplierName"/>
                        <PropertyValue Property="fn" Path="OrderedByName"/>
                    </Record>
                </Annotation>
            </Annotations>
            <Annotations Target="SEPMRA_OVW.SEPMRA_C_OVW_ProductReviewsType/ProductReviewPostUUID">
                <Annotation Term="Common.FieldControl" EnumMember="Common.FieldControlType/Hidden"/>
                <Annotation Term="UI.Hidden"/>
            </Annotations>
            <Annotations Target="SEPMRA_OVW.SEPMRA_C_OVW_ProductReviewsType/Product">
                <Annotation Term="Common.SemanticObject" String="EPMProduct"/>
            </Annotations>
            <Annotations Target="SEPMRA_OVW.SEPMRA_C_OVW_ProductReviewsType/Supplier">
                <Annotation Term="Common.SemanticObject" String="EPMSupplier"/>
            </Annotations>
            <Annotations Target="SEPMRA_OVW.SEPMRA_C_OVW_ProductReviewsType">
                <Annotation Term="UI.HeaderInfo">
                    <Record>
                        <PropertyValue Property="TypeName" String="Product Review"/>
                        <PropertyValue Property="TypeNamePlural" String="Product Reviews"/>
                        <PropertyValue Property="Title">
                            <Record Type="UI.DataField">
                                <PropertyValue Property="Value" Path="Name"/>
                            </Record>
                        </PropertyValue>
                    </Record>
                </Annotation>
                <Annotation Term="UI.Identification">
                    <Collection>
                        <Record Type="UI.DataFieldForIntentBasedNavigation">
                            <PropertyValue Property="Label" String="Manage Product"/>
                            <PropertyValue Property="SemanticObject" String="EPMProduct"/>
                            <PropertyValue Property="Action" String="manage_st"/>
                            <PropertyValue Property="RequiresContext" Bool="false"/>
                            <Annotation Term="UI.Importance" EnumMember="UI.ImportanceType/High"/>
                        </Record>
                    </Collection>
                </Annotation>
                <Annotation Term="UI.LineItem">
                    <Collection>
                        <Record Type="UI.DataField">
                            <PropertyValue Property="Value" Path="Name"/>
                            <Annotation Term="UI.Importance" EnumMember="UI.ImportanceType/High"/>
                        </Record>
                        <Record Type="UI.DataField">
                            <PropertyValue Property="Value" Path="FormattedContactName"/>
                            <Annotation Term="UI.Importance" EnumMember="UI.ImportanceType/High"/>
                        </Record>
                        <Record Type="UI.DataField">
                            <PropertyValue Property="Value" Path="ReviewRatingValue"/>
                            <Annotation Term="UI.Importance" EnumMember="UI.ImportanceType/High"/>
                        </Record>
                        <Record Type="UI.DataField">
                            <PropertyValue Property="Value" Path="ReviewDateTime"/>
                            <Annotation Term="UI.Importance" EnumMember="UI.ImportanceType/High"/>
                        </Record>
                    </Collection>
                </Annotation>
                <Annotation Term="Communication.Contact">
                    <Record>
                        <PropertyValue Property="fn" Path="FormattedContactName"/>
                        <PropertyValue Property="fn" Path="SupplierName"/>
                    </Record>
                </Annotation>
            </Annotations>
            <Annotations Target="SEPMRA_OVW.SEPMRA_C_OVW_RareProductsType/Product">
                <Annotation Term="Common.SemanticObject" String="EPMProduct"/>
            </Annotations>
            <Annotations Target="SEPMRA_OVW.SEPMRA_C_OVW_RareProductsType">
                <Annotation Term="UI.DataPoint" Qualifier="Quantity">
                    <Record>
                        <PropertyValue Property="Value" Path="Quantity"/>
                        <PropertyValue Property="Title" String="Quantity in Stock"/>
                    </Record>
                </Annotation>
                <Annotation Term="UI.Identification">
                    <Collection>
                        <Record Type="UI.DataFieldForIntentBasedNavigation">
                            <PropertyValue Property="Label" String="Manage Product"/>
                            <PropertyValue Property="SemanticObject" String="EPMProduct"/>
                            <PropertyValue Property="Action" String="manage_st"/>
                            <PropertyValue Property="RequiresContext" Bool="false"/>
                            <Annotation Term="UI.Importance" EnumMember="UI.ImportanceType/High"/>
                        </Record>
                    </Collection>
                </Annotation>
                <Annotation Term="UI.LineItem">
                    <Collection>
                        <Record Type="UI.DataField">
                            <PropertyValue Property="Value" Path="Name"/>
                            <Annotation Term="UI.Importance" EnumMember="UI.ImportanceType/High"/>
                        </Record>
                        <Record Type="UI.DataField">
                            <PropertyValue Property="Value" Path="CompanyName"/>
                            <Annotation Term="UI.Importance" EnumMember="UI.ImportanceType/High"/>
                        </Record>
                        <Record Type="UI.DataFieldForAnnotation">
                            <PropertyValue Property="Target" AnnotationPath="@UI.DataPoint#Quantity"/>
                            <Annotation Term="UI.Importance" EnumMember="UI.ImportanceType/High"/>
                        </Record>
                    </Collection>
                </Annotation>
                <Annotation Term="Communication.Contact">
                    <Record>
                        <PropertyValue Property="fn" Path="CompanyName"/>
                    </Record>
                </Annotation>
            </Annotations>
            <Annotations Target="SEPMRA_OVW.SEPMRA_C_OVW_RecentSalesType/Product">
                <Annotation Term="Common.SemanticObject" String="EPMProduct"/>
            </Annotations>
            <Annotations Target="SEPMRA_OVW.SEPMRA_C_OVW_RecentSalesType">
                <Annotation Term="UI.DataPoint" Qualifier="Product">
                    <Record>
                        <PropertyValue Property="Value" Path="Product"/>
                        <PropertyValue Property="Title" String="Product"/>
                    </Record>
                </Annotation>
                <Annotation Term="UI.DataPoint" Qualifier="TotalQuantity">
                    <Record>
                        <PropertyValue Property="Value" Path="TotalQuantity"/>
                        <PropertyValue Property="Title" String="Total Quantity"/>
                    </Record>
                </Annotation>
                <Annotation Term="UI.HeaderInfo">
                    <Record>
                        <PropertyValue Property="TypeName" String="Product"/>
                        <PropertyValue Property="TypeNamePlural" String="Products"/>
                        <PropertyValue Property="ImageUrl" Path="ProductPictureURL"/>
                        <PropertyValue Property="Title">
                            <Record Type="UI.DataField">
                                <PropertyValue Property="Value" Path="Product"/>
                            </Record>
                        </PropertyValue>
                    </Record>
                </Annotation>
                <Annotation Term="UI.Identification">
                    <Collection>
                        <Record Type="UI.DataFieldForIntentBasedNavigation">
                            <PropertyValue Property="Label" String="Manage Products"/>
                            <PropertyValue Property="SemanticObject" String="EPMProduct"/>
                            <PropertyValue Property="Action" String="manage_st"/>
                            <PropertyValue Property="RequiresContext" Bool="false"/>
                            <Annotation Term="UI.Importance" EnumMember="UI.ImportanceType/High"/>
                        </Record>
                    </Collection>
                </Annotation>
                <Annotation Term="UI.LineItem">
                    <Collection>
                        <Record Type="UI.DataFieldForAnnotation">
                            <PropertyValue Property="Target" AnnotationPath="@UI.DataPoint#Product"/>
                            <Annotation Term="UI.Importance" EnumMember="UI.ImportanceType/Medium"/>
                        </Record>
                        <Record Type="UI.DataFieldForAnnotation">
                            <PropertyValue Property="Target" AnnotationPath="@UI.DataPoint#TotalQuantity"/>
                            <Annotation Term="UI.Importance" EnumMember="UI.ImportanceType/High"/>
                        </Record>
                    </Collection>
                </Annotation>
            </Annotations>
            <Annotations Target="SEPMRA_OVW.SEPMRA_C_OVW_SalesOrderType/ActiveSalesOrder">
                <Annotation Term="Common.SemanticObject" String="EPMSalesOrder"/>
            </Annotations>
            <Annotations Target="SEPMRA_OVW.SEPMRA_C_OVW_SalesOrderType">
                <Annotation Term="UI.Identification">
                    <Collection>
                        <Record Type="UI.DataFieldForIntentBasedNavigation">
                            <PropertyValue Property="Label" String="Manage Sales Order"/>
                            <PropertyValue Property="SemanticObject" String="EPMSalesOrder"/>
                            <PropertyValue Property="Action" String="manage_st"/>
                            <PropertyValue Property="RequiresContext" Bool="false"/>
                            <Annotation Term="UI.Importance" EnumMember="UI.ImportanceType/High"/>
                        </Record>
                    </Collection>
                </Annotation>
                <Annotation Term="UI.LineItem">
                    <Collection>
                        <Record Type="UI.DataField">
                            <PropertyValue Property="Label" String="Customer"/>
                            <PropertyValue Property="Value" Path="CompanyName"/>
                            <Annotation Term="UI.Importance" EnumMember="UI.ImportanceType/High"/>
                        </Record>
                        <Record Type="UI.DataField">
                            <PropertyValue Property="Label" String="Creation Date"/>
                            <PropertyValue Property="Value" Path="CreationDateTime"/>
                            <Annotation Term="UI.Importance" EnumMember="UI.ImportanceType/High"/>
                        </Record>
                        <Record Type="UI.DataField">
                            <PropertyValue Property="Label" String="Gross Amount"/>
                            <PropertyValue Property="Value" Path="RevenueInLocalCurrency"/>
                            <Annotation Term="UI.Importance" EnumMember="UI.ImportanceType/High"/>
                        </Record>
                    </Collection>
                </Annotation>
                <Annotation Term="Communication.Contact">
                    <Record>
                        <PropertyValue Property="org" Path="CompanyName"/>
                    </Record>
                </Annotation>
            </Annotations>
            <Annotations Target="SEPMRA_OVW.SEPMRA_C_OVW_SalesPerSupplierType">
                <Annotation Term="UI.Chart" Qualifier="bubblequalifier">
                    <Record Type="UI.ChartDefinitionType">
                        <PropertyValue Property="Title" String="Top 4 Suppliers"/>
                        <PropertyValue Property="ChartType" EnumMember="UI.ChartType/Bubble"/>
                        <PropertyValue Property="Dimensions">
                            <Collection>
                                <PropertyPath>Supplier</PropertyPath>
                            </Collection>
                        </PropertyValue>
                        <PropertyValue Property="DimensionAttributes">
                            <Collection>
                                <Record Type="UI.ChartDimensionAttributeType">
                                    <PropertyValue Property="Dimension" PropertyPath="Supplier"/>
                                    <PropertyValue Property="Role" EnumMember="UI.ChartDimensionRoleType/Series"/>
                                </Record>
                            </Collection>
                        </PropertyValue>
                        <PropertyValue Property="Measures">
                            <Collection>
                                <PropertyPath>GrossAmountInCompanyCurrency</PropertyPath>
                                <PropertyPath>NetUnitPriceInCompanyCurrency</PropertyPath>
                                <PropertyPath>Quantity</PropertyPath>
                            </Collection>
                        </PropertyValue>
                        <PropertyValue Property="MeasureAttributes">
                            <Collection>
                                <Record Type="UI.ChartMeasureAttributeType">
                                    <PropertyValue Property="Measure" PropertyPath="GrossAmountInCompanyCurrency"/>
                                    <PropertyValue Property="Role" EnumMember="UI.ChartMeasureRoleType/Axis3"/>
                                    <PropertyValue Property="DataPoint" AnnotationPath="@UI.DataPoint#GrossAmountInCompanyCurrency"/>
                                </Record>
                                <Record Type="UI.ChartMeasureAttributeType">
                                    <PropertyValue Property="Measure" PropertyPath="NetUnitPriceInCompanyCurrency"/>
                                    <PropertyValue Property="Role" EnumMember="UI.ChartMeasureRoleType/Axis2"/>
                                </Record>
                                <Record Type="UI.ChartMeasureAttributeType">
                                    <PropertyValue Property="Measure" PropertyPath="Quantity"/>
                                    <PropertyValue Property="Role" EnumMember="UI.ChartMeasureRoleType/Axis1"/>
                                </Record>
                            </Collection>
                        </PropertyValue>
                    </Record>
                </Annotation>
                <Annotation Term="UI.Chart" Qualifier="DonutChart">
                    <Annotation Term="Core.Messages">
                        <Collection>
                            <Record>
                                <PropertyValue Property="message" String="Property 'CompanyName' of annotation 'UI.CHART$1$.DIMENSIONS$1$' in proj./view 'SEPMRA_C_OVW_SalesPerSupplier' not found"/>
                                <PropertyValue Property="severity" String="error"/>
                            </Record>
                        </Collection>
                    </Annotation>
                </Annotation>
                <Annotation Term="UI.DataPoint" Qualifier="GrossAmountInCompanyCurrency">
                    <Record>
                        <PropertyValue Property="Value" Path="GrossAmountInCompanyCurrency"/>
                        <PropertyValue Property="Title" String="BubbleTest"/>
                    </Record>
                </Annotation>
            </Annotations>
            <Annotations Target="SEPMRA_OVW.SEPMRA_C_OVW_SoldQuantityType">
                <Annotation Term="UI.Chart">
                    <Record Type="UI.ChartDefinitionType">
                        <PropertyValue Property="ChartType" EnumMember="UI.ChartType/Column"/>
                        <PropertyValue Property="Dimensions">
                            <Collection>
                                <PropertyPath>Product</PropertyPath>
                            </Collection>
                        </PropertyValue>
                        <PropertyValue Property="Measures">
                            <Collection>
                                <PropertyPath>TotalQuantity</PropertyPath>
                            </Collection>
                        </PropertyValue>
                    </Record>
                </Annotation>
            </Annotations>
            <Annotations Target="SEPMRA_OVW.SEPMRA_C_OVW_ZeroStockProdType/PO">
                <Annotation Term="Common.FieldControl" EnumMember="Common.FieldControlType/Hidden"/>
                <Annotation Term="UI.Hidden"/>
                <Annotation Term="Common.SemanticObject" String="EPMPurchaseOrder"/>
            </Annotations>
            <Annotations Target="SEPMRA_OVW.SEPMRA_C_OVW_ZeroStockProdType/Product">
                <Annotation Term="Common.SemanticObject" String="EPMProduct"/>
            </Annotations>
            <Annotations Target="SEPMRA_OVW.SEPMRA_C_OVW_ZeroStockProdType">
                <Annotation Term="UI.FieldGroup" Qualifier="ProductInfo">
                    <Record>
                        <PropertyValue Property="Data">
                            <Collection>
                                <Record Type="UI.DataField">
                                    <PropertyValue Property="Label" String="Price"/>
                                    <PropertyValue Property="Value" Path="Price"/>
                                    <Annotation Term="UI.Importance" EnumMember="UI.ImportanceType/High"/>
                                </Record>
                            </Collection>
                        </PropertyValue>
                    </Record>
                </Annotation>
                <Annotation Term="UI.FieldGroup" Qualifier="Reviews">
                    <Record>
                        <PropertyValue Property="Data">
                            <Collection>
                                <Record Type="UI.DataField">
                                    <PropertyValue Property="Label" String="Rating"/>
                                    <PropertyValue Property="Value" Path="AverageRatingValue"/>
                                    <Annotation Term="UI.Importance" EnumMember="UI.ImportanceType/High"/>
                                </Record>
                                <Record Type="UI.DataField">
                                    <PropertyValue Property="Label" String="Number of Reviews"/>
                                    <PropertyValue Property="Value" Path="NumberOfReviewPosts"/>
                                    <Annotation Term="UI.Importance" EnumMember="UI.ImportanceType/High"/>
                                </Record>
                            </Collection>
                        </PropertyValue>
                    </Record>
                </Annotation>
                <Annotation Term="UI.HeaderInfo">
                    <Record>
                        <PropertyValue Property="TypeName" String="Product"/>
                        <PropertyValue Property="TypeNamePlural" String="Products"/>
                        <PropertyValue Property="ImageUrl" Path="ProductPictureURL"/>
                        <PropertyValue Property="Title">
                            <Record Type="UI.DataField">
                                <PropertyValue Property="Value" Path="ProductName"/>
                            </Record>
                        </PropertyValue>
                        <PropertyValue Property="Description">
                            <Record Type="UI.DataField">
                                <PropertyValue Property="Value" Path="ProductDescription"/>
                            </Record>
                        </PropertyValue>
                    </Record>
                </Annotation>
                <Annotation Term="UI.Identification">
                    <Collection>
                        <Record Type="UI.DataFieldForIntentBasedNavigation">
                            <PropertyValue Property="Label" String="Create new Purchase Order"/>
                            <PropertyValue Property="SemanticObject" String="EPMPurchaseOrder"/>
                            <PropertyValue Property="Action" String="create"/>
                            <PropertyValue Property="RequiresContext" Bool="false"/>
                            <Annotation Term="UI.Importance" EnumMember="UI.ImportanceType/Medium"/>
                        </Record>
                        <Record Type="UI.DataFieldForIntentBasedNavigation">
                            <PropertyValue Property="Label" String="Manage Product"/>
                            <PropertyValue Property="SemanticObject" String="EPMProduct"/>
                            <PropertyValue Property="Action" String="manage_st"/>
                            <PropertyValue Property="RequiresContext" Bool="false"/>
                            <Annotation Term="UI.Importance" EnumMember="UI.ImportanceType/High"/>
                        </Record>
                    </Collection>
                </Annotation>
            </Annotations>
            <Annotations Target="SEPMRA_OVW.SEPMRA_I_EmployeeType/Employee">
                <Annotation Term="Common.FieldControl" EnumMember="Common.FieldControlType/Hidden"/>
                <Annotation Term="UI.Hidden"/>
            </Annotations>
            <Annotations Target="SEPMRA_OVW.SEPMRA_I_EmployeeType">
                <Annotation Term="UI.HeaderInfo">
                    <Record>
                        <PropertyValue Property="TypeName" String="Employee"/>
                        <PropertyValue Property="TypeNamePlural" String="Employees"/>
                        <PropertyValue Property="ImageUrl" Path="EmployeePictureURL"/>
                        <PropertyValue Property="Title">
                            <Record Type="UI.DataField">
                                <PropertyValue Property="Value" Path="FormattedName"/>
                            </Record>
                        </PropertyValue>
                        <PropertyValue Property="Description">
                            <Record Type="UI.DataField">
                                <PropertyValue Property="Value" Path="Employee"/>
                            </Record>
                        </PropertyValue>
                    </Record>
                </Annotation>
                <Annotation Term="Common.SemanticObject" String="EPMEmployee"/>
                <Annotation Term="Communication.Contact">
                    <Record>
                        <PropertyValue Property="fn" Path="FormattedName"/>
                        <PropertyValue Property="n">
                            <Record>
                                <PropertyValue Property="given" Path="FirstName"/>
                                <PropertyValue Property="additional" Path="MiddleName"/>
                                <PropertyValue Property="surname" Path="LastName"/>
                            </Record>
                        </PropertyValue>
                        <PropertyValue Property="photo" Path="EmployeePictureURL"/>
                        <PropertyValue Property="tel">
                            <Collection>
                                <Record>
                                    <PropertyValue Property="type" EnumMember="Communication.PhoneType/cell"/>
                                    <PropertyValue Property="uri" Path="MobilePhoneNumber"/>
                                </Record>
                                <Record>
                                    <PropertyValue Property="type" EnumMember="Communication.PhoneType/preferred Communication.PhoneType/work"/>
                                    <PropertyValue Property="uri" Path="PhoneNumber"/>
                                </Record>
                            </Collection>
                        </PropertyValue>
                        <PropertyValue Property="email">
                            <Collection>
                                <Record>
                                    <PropertyValue Property="type" EnumMember="Communication.ContactInformationType/pref Communication.ContactInformationType/work"/>
                                    <PropertyValue Property="address" Path="EmailAddress"/>
                                </Record>
                            </Collection>
                        </PropertyValue>
                    </Record>
                </Annotation>
            </Annotations>
            <Annotations Target="SEPMRA_OVW.SEPMRA_I_QuantityUnitType/UnitOfMeasureISOCode">
                <Annotation Term="UI.HiddenFilter"/>
            </Annotations>
            <Annotations Target="SEPMRA_OVW.SEPMRA_I_SupplierType">
                <Annotation Term="Communication.Contact">
                    <Record>
                        <PropertyValue Property="fn" Path="CompanyName"/>
                        <PropertyValue Property="tel">
                            <Collection>
                                <Record>
                                    <PropertyValue Property="type" EnumMember="Communication.PhoneType/fax"/>
                                    <PropertyValue Property="uri" Path="FaxNumber"/>
                                </Record>
                                <Record>
                                    <PropertyValue Property="type" EnumMember="Communication.PhoneType/work Communication.PhoneType/preferred"/>
                                    <PropertyValue Property="uri" Path="PhoneNumber"/>
                                </Record>
                            </Collection>
                        </PropertyValue>
                        <PropertyValue Property="email">
                            <Collection>
                                <Record>
                                    <PropertyValue Property="type" EnumMember="Communication.ContactInformationType/pref Communication.ContactInformationType/work"/>
                                    <PropertyValue Property="address" Path="EmailAddress"/>
                                </Record>
                            </Collection>
                        </PropertyValue>
                    </Record>
                </Annotation>
            </Annotations>
        </Schema>
    </edmx:DataServices>
</edmx:Edmx>