<?xml version="1.0" encoding="utf-8"?>
<edmx:Edmx xmlns:edmx="http://docs.oasis-open.org/odata/ns/edmx" Version="4.0">
	<edmx:Reference Uri="http://docs.oasis-open.org/odata/odata/v4.0/errata02/os/complete/vocabularies/Org.OData.Core.V1.xml">
		<edmx:Include Namespace="Org.OData.Core.V1" Alias="Core"/>
	</edmx:Reference>
	<edmx:Reference Uri="/sap/bc/ui5_ui5/ui2/ushell/resources/sap/ushell/components/factsheet/vocabularies/UI.xml">
		<edmx:Include Namespace="com.sap.vocabularies.UI.v1" Alias="UI"/>
	</edmx:Reference>
	<edmx:Reference Uri="/sap/bc/ui5_ui5/ui2/ushell/resources/sap/ushell/components/factsheet/vocabularies/Common.xml">
		<edmx:Include Namespace="com.sap.vocabularies.Common.v1" Alias="Common"/>
	</edmx:Reference>
	<edmx:Reference Uri="/sap/bc/ui5_ui5/ui2/ushell/resources/sap/ushell/components/factsheet/vocabularies/Communication.xml">
		<edmx:Include Namespace="com.sap.vocabularies.Communication.v1" Alias="Communication"/>
	</edmx:Reference>
	<edmx:Reference Uri="http://docs.oasis-open.org/odata/odata/v4.0/cs01/vocabularies/Org.OData.Measures.V1.xml">
		<edmx:Include Namespace="Org.OData.Measures.V1" Alias="Measure"/>
	</edmx:Reference>
	<edmx:Reference Uri="/sap/opu/odata/sap/SEPMRA_OVW/$metadata">
		<edmx:Include Namespace="SEPMRA_OVW" Alias="SEPMRA_OVW"/>
	</edmx:Reference>
	<edmx:DataServices>
		<Schema xmlns="http://docs.oasis-open.org/odata/ns/edm">
			<Annotations Target="SEPMRA_OVW.SEPMRA_C_OVW_RareProductsType">
				<!-- SelectionVariant needs to be annotated locally in order enable cross-app navigation with filters on ABAP <=7.51 because such 
				     selection variants cannot be modelled in the backend in these releases -->
				<Annotation Term="UI.SelectionVariant" Qualifier="CriticalStock">
					<Record >
						<PropertyValue Property="SelectOptions">
							<Collection >
								<Record Type="UI.SelectOptionType">
									<PropertyValue Property="PropertyName" PropertyPath="to_ProductStock/StockAvailability"/>
									<PropertyValue Property="Ranges">
										<Collection >
											<!-- 1 = out of stock -->
											<Record Type="UI.SelectionRangeType">
												<PropertyValue Property="Sign" EnumMember="UI.SelectionRangeSignType/I"/>
												<PropertyValue Property="Option" EnumMember="UI.SelectionRangeOptionType/EQ"/>
												<PropertyValue Property="Low" Int="1"/>
											</Record>
											<!-- 2 = critically low stock level -->
											<Record Type="UI.SelectionRangeType">
												<PropertyValue Property="Sign" EnumMember="UI.SelectionRangeSignType/I"/>
												<PropertyValue Property="Option" EnumMember="UI.SelectionRangeOptionType/EQ"/>
												<PropertyValue Property="Low" Int="2"/>
											</Record>
										</Collection>
									</PropertyValue>
								</Record>
							</Collection>
						</PropertyValue>
					</Record>
				</Annotation>
			</Annotations>
			
			<Annotations Target="SEPMRA_OVW.SEPMRA_C_OVW_SalesPerSupplierType">
				<Annotation Term="UI.Identification">
					<Collection>
						<Record Type="UI.DataField">
							<PropertyValue Property="Value" Path="Supplier"/>
						</Record>
					</Collection>
				</Annotation>
				<Annotation Term="UI.PresentationVariant" Qualifier="bubble">
					<Record>
						<PropertyValue Property="MaxItems" Int="4"/>
						<PropertyValue Property="SortOrder">
							<Collection>
								<Record Type="Common.SortOrderType">
									<PropertyValue Property="Property" PropertyPath="Quantity"/>
									<PropertyValue Property="Descending" Bool="false"/>
								</Record>
							</Collection>
						</PropertyValue>
						<PropertyValue Property="IncludeGrandTotal" Bool="true"/>
						<PropertyValue Property="Visualizations">
							<Collection>
								<AnnotationPath>@UI.Chart#bubble</AnnotationPath>
							</Collection>
						</PropertyValue>
					</Record>
				</Annotation>
                <Annotation Term="UI.Chart" Qualifier="donut">
                    <Record Type="UI.ChartDefinitionType">
                        <PropertyValue Property="Title" String="Spend per Supplier"/>
                        <PropertyValue Property="ChartType" EnumMember="UI.ChartType/Donut"/>
                        <PropertyValue Property="Dimensions">
                            <Collection>
                                <PropertyPath>Supplier</PropertyPath>
                            </Collection>
                        </PropertyValue>
                        <PropertyValue Property="DimensionAttributes">
                            <Collection>
                                <Record Type="UI.ChartDimensionAttributeType">
                                    <PropertyValue Property="Dimension" PropertyPath="Supplier"/>
                                    <PropertyValue Property="Role" EnumMember="UI.ChartDimensionRoleType/Category"/>
                                </Record>
                            </Collection>
                        </PropertyValue>
                        <PropertyValue Property="Measures">
                            <Collection>
                                <PropertyPath>GrossAmountInCompanyCurrency</PropertyPath>
                            </Collection>
                        </PropertyValue>
                        <PropertyValue Property="MeasureAttributes">
                            <Collection>
                                <Record Type="UI.ChartMeasureAttributeType">
                                    <PropertyValue Property="Measure" PropertyPath="GrossAmountInCompanyCurrency"/>
                                    <PropertyValue Property="Role" EnumMember="UI.ChartMeasureRoleType/Axis1"/>
                                    <PropertyValue Property="DataPoint" AnnotationPath="@UI.DataPoint#GrossAmountInCompanyCurrency"/>
                                </Record>
                            </Collection>
                        </PropertyValue>
                    </Record>
                </Annotation>
                <Annotation Term="UI.PresentationVariant" Qualifier="donut">
                    <Record>
                        <PropertyValue Property="MaxItems" Int="4"/>
                        <PropertyValue Property="SortOrder">
                            <Collection>
                                <Record Type="Common.SortOrderType">
                                    <PropertyValue Property="Property" PropertyPath="GrossAmountInCompanyCurrency"/>
                                    <PropertyValue Property="Descending" Bool="true"/>
                                </Record>
                            </Collection>
                        </PropertyValue>
                        <PropertyValue Property="Visualizations">
                            <Collection>
                                <AnnotationPath>@UI.DataPoint#GrossAmountInCompanyCurrency</AnnotationPath>
                                <AnnotationPath>@UI.Chart#donut</AnnotationPath>
                            </Collection>
                        </PropertyValue>
                    </Record>
                </Annotation>
			</Annotations>

			<Annotations Target="SEPMRA_OVW.SEPMRA_C_OVW_SalesHistoryType">
				<Annotation Term="UI.Identification">
					<Collection>
						<Record Type="UI.DataField">
							<PropertyValue Property="Value" Path="CreationMonth"/>
						</Record>
					</Collection>
				</Annotation>
				<Annotation Term="UI.Chart" Qualifier="line">
					<Record Type="UI.ChartDefinitionType">
						<PropertyValue Property="Title" String="{@i18n>@RevenuePerMonthChartTitle}"/>
						<PropertyValue Property="ChartType" EnumMember="UI.ChartType/Line"/>
						<PropertyValue Property="Dimensions">
							<Collection>
								<PropertyPath>CreationMonth</PropertyPath>
							</Collection>
						</PropertyValue>
						<PropertyValue Property="DimensionAttributes">
							<Collection>
								<Record Type="UI.ChartDimensionAttributeType">
									<PropertyValue Property="Dimension" PropertyPath="CreationMonth"/>
									<PropertyValue Property="Role" EnumMember="UI.ChartDimensionRoleType/Category"/>
								</Record>
							</Collection>
						</PropertyValue>
						<PropertyValue Property="Measures">
							<Collection>
								<PropertyPath>GrossAmountInCompanyCurrency</PropertyPath>
							</Collection>
						</PropertyValue>
						<PropertyValue Property="MeasureAttributes">
							<Collection>
								<Record Type="UI.ChartMeasureAttributeType">
									<PropertyValue Property="Measure" PropertyPath="GrossAmountInCompanyCurrency"/>
									<PropertyValue Property="Role" EnumMember="UI.ChartMeasureRoleType/Axis1"/>
									<PropertyValue Property="DataPoint" AnnotationPath="@UI.DataPoint#GrossAmountInCompanyCurrency"/>
								</Record>
							</Collection>
						</PropertyValue>
					</Record>
				</Annotation>
				<Annotation Term="UI.DataPoint" Qualifier="GrossAmountInCompanyCurrency">
					<Record>
						<PropertyValue Property="Value" Path="GrossAmountInCompanyCurrency"/>
						<PropertyValue Property="Title" String="{@i18n>@RevenueLabel}"/>
						<PropertyValue Property="CriticalityCalculation">
							<Record>
								<PropertyValue Property="ImprovementDirection" EnumMember="UI.ImprovementDirectionType/Maximize"/>
								<PropertyValue Property="DeviationRangeLowValue" Decimal="1000000"/>
								<PropertyValue Property="ToleranceRangeLowValue" Decimal="3000000"/>
							</Record>
						</PropertyValue>
						<PropertyValue Property="TrendCalculation">
							<Record>
								<PropertyValue Property="ReferenceValue" Path="ReferenceAmount"/>
								<PropertyValue Property="IsRelativeDifference" Bool="false"/>
								<PropertyValue Property="UpDifference" Decimal="10"/>
								<PropertyValue Property="StrongUpDifference" Decimal="100"/>
								<PropertyValue Property="DownDifference" Decimal="-10"/>
								<PropertyValue Property="StrongDownDifference" Decimal="-100"/>
							</Record>
						</PropertyValue>
					</Record>
				</Annotation>
				<Annotation Term="UI.PresentationVariant" Qualifier="line">
					<Record>
						<PropertyValue Property="SortOrder">
							<Collection>
								<Record Type="Common.SortOrderType">
									<PropertyValue Property="Property" PropertyPath="CreationMonthAsDate"/>
									<PropertyValue Property="Descending" Bool="false"/>
								</Record>
							</Collection>
						</PropertyValue>
						<PropertyValue Property="Visualizations">
							<Collection>
								<AnnotationPath>@UI.Chart#line</AnnotationPath>
							</Collection>
						</PropertyValue>
					</Record>
				</Annotation>
				<Annotation Term="UI.SelectionPresentationVariant">
					<Record>
						<PropertyValue Property="PresentationVariant" Path="@UI.PresentationVariant#line"/>
					</Record>
				</Annotation>
			</Annotations>
			
			<Annotations Target="SEPMRA_OVW.SEPMRA_C_OVW_LastOrderType">
				<!-- SelectionVariant needs to be annotated locally in order enable cross-app navigation with filters on ABAP <=7.51 because such 
				     selection variants cannot be modelled in the backend in these releases -->
				<Annotation Term="UI.SelectionVariant" Qualifier="NotInLast30Days">
					<Record >
						<PropertyValue Property="SelectOptions">
							<Collection >
								<Record Type="UI.SelectOptionType">
									<PropertyValue Property="PropertyName" PropertyPath="to_LastOrderDate/LastOrderAgeInDays"/>
									<PropertyValue Property="Ranges">
										<Collection >
											<!-- newest purchase order is older than 30 days -->
											<Record Type="UI.SelectionRangeType">
												<PropertyValue Property="Sign" EnumMember="UI.SelectionRangeSignType/I"/>
												<PropertyValue Property="Option" EnumMember="UI.SelectionRangeOptionType/GT"/>
												<PropertyValue Property="Low" Int="30"/>
											</Record>
											<!-- there was no order at all (indicated by age == -1) -->
											<Record Type="UI.SelectionRangeType">
												<PropertyValue Property="Sign" EnumMember="UI.SelectionRangeSignType/I"/>
												<PropertyValue Property="Option" EnumMember="UI.SelectionRangeOptionType/EQ"/>
												<PropertyValue Property="Low" Int="-1"/>
											</Record>
										</Collection>
									</PropertyValue>
								</Record>
							</Collection>
						</PropertyValue>
					</Record>
				</Annotation>
			</Annotations>
			
            <Annotations Target="SEPMRA_OVW.SEPMRA_C_OVW_SalesOrderType">
                <Annotation Term="UI.DataPoint" Qualifier="RevenueInLocalCurrency">
                    <Record>
                        <PropertyValue Property="Value" Path="RevenueInLocalCurrency"/>
                        <PropertyValue Property="Title" String="Net Amount"/>
                    </Record>
                </Annotation>
                <Annotation Term="UI.HeaderInfo">
                    <Record>
                        <PropertyValue Property="TypeName" String="Sales Order"/>
                        <PropertyValue Property="TypeNamePlural" String="Sales Orders"/>
                        <PropertyValue Property="TypeImageUrl" String="sap-icon://sales-order"/>
                        <PropertyValue Property="Title">
                            <Record Type="UI.DataField">
                                <PropertyValue Property="Value" Path="ActiveSalesOrder"/>
                            </Record>
                        </PropertyValue>
                        <PropertyValue Property="Description">
                            <Record Type="UI.DataField">
                                <PropertyValue Property="Value" Path="CompanyName"/>
                            </Record>
                        </PropertyValue>
                    </Record>
                </Annotation>
                <Annotation Term="UI.LineItem">
                    <Collection>
                        <Record Type="UI.DataField">
                            <PropertyValue Property="Label" String="Sales Order"/>
                            <PropertyValue Property="Value" Path="ActiveSalesOrder"/>
                            <Annotation Term="UI.Importance" EnumMember="UI.ImportanceType/High"/>
                        </Record>
                        <Record Type="UI.DataField">
                            <PropertyValue Property="Label" String="Customer"/>
                            <PropertyValue Property="Value" Path="CompanyName"/>
                            <Annotation Term="UI.Importance" EnumMember="UI.ImportanceType/High"/>
                        </Record>
                        <Record Type="UI.DataFieldForAnnotation">
                            <PropertyValue Property="Label" String="Net Amount"/>
                            <PropertyValue Property="Target" AnnotationPath="@UI.DataPoint#RevenueInLocalCurrency"/>
                            <Annotation Term="UI.Importance" EnumMember="UI.ImportanceType/High"/>
                        </Record>
                    </Collection>
                </Annotation>
                <Annotation Term="UI.PresentationVariant" Qualifier="Default">
                    <Record>
                        <PropertyValue Property="Text" String="Default Variant"/>
                        <PropertyValue Property="SortOrder">
                            <Collection>
                                <Record Type="Common.SortOrderType">
                                    <PropertyValue Property="Property" PropertyPath="CreationDateTime"/>
                                    <PropertyValue Property="Descending" Bool="true"/>
                                </Record>
                            </Collection>
                        </PropertyValue>
                        <PropertyValue Property="Visualizations">
                            <Collection>
                                <AnnotationPath>@UI.LineItem</AnnotationPath>
                            </Collection>
                        </PropertyValue>
                    </Record>
                </Annotation>
                <Annotation Term="UI.SelectionPresentationVariant">
                    <Record>
                        <PropertyValue Property="Text" String="Default Variant"/>
                        <PropertyValue Property="PresentationVariant" Path="@UI.PresentationVariant#Default"/>
                    </Record>
                </Annotation>
            </Annotations>
            
           <Annotations Target="SEPMRA_OVW.SEPMRA_C_OVW_RecentSalesType">
                <Annotation Term="UI.LineItem">
                    <Collection>
                        <Record Type="UI.DataField">
                            <PropertyValue Property="Value" Path="Product_Text"/>
                            <Annotation Term="UI.Importance" EnumMember="UI.ImportanceType/Medium"/>
                        </Record>
                        <Record Type="UI.DataFieldForAnnotation">
                            <PropertyValue Property="Target" AnnotationPath="@UI.DataPoint#TotalQuantity"/>
                            <Annotation Term="UI.Importance" EnumMember="UI.ImportanceType/High"/>
                        </Record>
                    </Collection>
                </Annotation>
                <Annotation Term="UI.PresentationVariant" Qualifier="Default">
                    <Record>
                        <PropertyValue Property="SortOrder">
                            <Collection>
                                <Record Type="Common.SortOrderType">
                                    <PropertyValue Property="Property" PropertyPath="TotalQuantity"/>
                                    <PropertyValue Property="Descending" Bool="true"/>
                                </Record>
                                <Record Type="Common.SortOrderType">
                                    <PropertyValue Property="Property" PropertyPath="Product"/>
                                    <PropertyValue Property="Descending" Bool="false"/>
                                </Record>
                            </Collection>
                        </PropertyValue>
                        <PropertyValue Property="Visualizations">
                            <Collection>
                                <AnnotationPath>@UI.LineItem</AnnotationPath>
                            </Collection>
                        </PropertyValue>
                    </Record>
                </Annotation>
                <Annotation Term="UI.SelectionPresentationVariant">
                    <Record>
                        <PropertyValue Property="PresentationVariant" Path="@UI.PresentationVariant#Default"/>
                    </Record>
                </Annotation>
            </Annotations>

            <Annotations Target="SEPMRA_OVW.SEPMRA_C_OVW_POApproveType">
            	<Annotation Term="UI.PresentationVariant" Qualifier="Default">
                    <Record>
                        <PropertyValue Property="SortOrder">
                            <Collection>
                                <Record Type="Common.SortOrderType">
                                    <PropertyValue Property="Property" PropertyPath="CreationDateTime"/>
                                    <PropertyValue Property="Descending" Bool="false"/>
                                </Record>
                            </Collection>
                        </PropertyValue>
                    </Record>
            	</Annotation>
            	<Annotation Term="UI.Facets">
					<Collection>
						<Record Type="UI.ReferenceFacet">
							<PropertyValue Property="Target" AnnotationPath="@UI.FieldGroup"/>
							<Annotation Term="UI.IsSummary"/>
						</Record>
					</Collection>
				</Annotation>
                <Annotation Term="UI.Identification">
                    <Collection>
                        <Record Type="UI.DataFieldForIntentBasedNavigation">
                            <PropertyValue Property="Label" String="Approve Purchase Orders"/>
                            <PropertyValue Property="SemanticObject" String="EPMPurchaseOrder"/>
                            <PropertyValue Property="Action" String="approve"/>
                            <PropertyValue Property="RequiresContext" Bool="false"/>
                            <Annotation Term="UI.Importance" EnumMember="UI.ImportanceType/High"/>
                        </Record>
                        <Record Type="UI.DataFieldForAction">
                            <PropertyValue Property="Label" String="Approve"/>
                            <PropertyValue Property="Action" String="SEPMRA_OVW.SEPMRA_OVW_Entities/SEPMRA_C_OVW_POApproveApprove"/>
                            <PropertyValue Property="InvocationGrouping" EnumMember="UI.OperationGroupingType/Isolated"/>
                            <Annotation Term="UI.Importance" EnumMember="UI.ImportanceType/Medium"/>
                        </Record>
                        <Record Type="UI.DataFieldForAction">
                            <PropertyValue Property="Label" String="Reject"/>
                            <PropertyValue Property="Action" String="SEPMRA_OVW.SEPMRA_OVW_Entities/SEPMRA_C_OVW_POApproveReject"/>
                            <PropertyValue Property="InvocationGrouping" EnumMember="UI.OperationGroupingType/Isolated"/>
                            <Annotation Term="UI.Importance" EnumMember="UI.ImportanceType/Low"/>
                        </Record>
                    </Collection>
                </Annotation>
            </Annotations>
		</Schema>
	</edmx:DataServices>
</edmx:Edmx>