<edmx:Edmx xmlns:edmx="http://schemas.microsoft.com/ado/2007/06/edmx"
	xmlns:m="http://schemas.microsoft.com/ado/2007/08/dataservices/metadata" xmlns:sap="http://www.sap.com/Protocols/SAPData" Version="1.0">
	<edmx:DataServices m:DataServiceVersion="2.0">
		<Schema xmlns="http://schemas.microsoft.com/ado/2008/09/edm" Namespace="ZGW_TESTE_01_SRV" xml:lang="pt" sap:schema-version="1">
			<EntityType Name="SalesOrder" sap:content-version="1">
				<Key><PropertyRef Name="SalesOrderNumber"/></Key><Property Name="SalesOrderNumber" Type="Edm.String" Nullable="false" sap:unicode="false" sap:creatable="false" sap:updatable="false"
					sap:sortable="false" sap:filterable="false"/><Property Name="Customer" Type="Edm.String" Nullable="false" sap:unicode="false" sap:creatable="false" sap:updatable="false"
					sap:sortable="false" sap:filterable="false"/><Property Name="CreationDate" Type="Edm.DateTime" Nullable="false" Precision="0" sap:unicode="false" sap:label="Dta.criação"
					sap:creatable="false" sap:updatable="false" sap:sortable="false" sap:filterable="false"/></EntityType>
			<EntityType Name="SalesOrderItem" sap:content-version="1">
				<Key><PropertyRef Name="SalesOrderNumber"/><PropertyRef Name="SalesOrderNumberItem"/></Key><Property Name="SalesOrderNumber" Type="Edm.String" Nullable="false" sap:unicode="false" sap:label="Ordem de venda" sap:creatable="false"
					sap:updatable="false" sap:sortable="false" sap:filterable="false"/><Property Name="SalesOrderNumberItem" Type="Edm.String" Nullable="false" sap:unicode="false" sap:label="Item da ordem" sap:creatable="false"
					sap:updatable="false" sap:sortable="false" sap:filterable="false"/><Property Name="Material" Type="Edm.String" Nullable="false" sap:unicode="false" sap:label="Material" sap:creatable="false"
					sap:updatable="false" sap:sortable="false" sap:filterable="false"/></EntityType>
			<EntityContainer Name="ZGW_TESTE_01_SRV_Entities" m:IsDefaultEntityContainer="true" sap:supported-formats="atom json xlsx"><EntitySet Name="SalesOrderSet" EntityType="ZGW_TESTE_01_SRV.SalesOrder" sap:creatable="false" sap:updatable="false" sap:deletable="false"
				sap:pageable="false" sap:addressable="false" sap:content-version="1"/><EntitySet Name="SalesOrderItemSet" EntityType="ZGW_TESTE_01_SRV.SalesOrderItem" sap:creatable="false" sap:updatable="false"
				sap:deletable="false" sap:pageable="false" sap:addressable="false" sap:content-version="1"/></EntityContainer><atom:link xmlns:atom="http://www.w3.org/2005/Atom" rel="self" href="https://dev.s4.ovly:80/sap/opu/odata/sap/ZGW_TESTE_01_SRV/$metadata"/><atom:link xmlns:atom="http://www.w3.org/2005/Atom" rel="latest-version"
				href="https://dev.s4.ovly:80/sap/opu/odata/sap/ZGW_TESTE_01_SRV/$metadata"/></Schema>
	</edmx:DataServices>
</edmx:Edmx>