<edmx:Edmx xmlns:edmx="http://schemas.microsoft.com/ado/2007/06/edmx" Version="1.0">
	<edmx:DataServices xmlns:m="http://schemas.microsoft.com/ado/2007/08/dataservices/metadata" m:DataServiceVersion="2.0">
		<Schema xmlns:d="http://schemas.microsoft.com/ado/2007/08/dataservices"
			xmlns:m="http://schemas.microsoft.com/ado/2007/08/dataservices/metadata" xmlns="http://schemas.microsoft.com/ado/2008/09/edm"
			Namespace="dashboard.">
			<EntityType Name="SalesRegionType">
				<Key><PropertyRef Name="RegionID"/><PropertyRef Name="Mes"/></Key><Property Name="RegionID" Type="Edm.String" Nullable="false" MaxLength="3"/><Property Name="Region" Type="Edm.String" MaxLength="15"/><Property Name="Mes" Type="Edm.String" Nullable="false" MaxLength="3"/><Property Name="Revenue" Type="Edm.Decimal" Precision="34"/><Property Name="Cost" Type="Edm.Decimal" Precision="34"/></EntityType>
			<EntityContainer Name="" m:IsDefaultEntityContainer="true"><EntitySet Name="SalesRegion" EntityType="dashboard..SalesRegionType"/></EntityContainer>
		</Schema>
	</edmx:DataServices>
</edmx:Edmx>