<edmx:Edmx xmlns:edmx="http://schemas.microsoft.com/ado/2007/06/edmx"
	xmlns:m="http://schemas.microsoft.com/ado/2007/08/dataservices/metadata" xmlns:sap="http://www.sap.com/Protocols/SAPData" Version="1.0">
	<edmx:Reference xmlns:edmx="http://docs.oasis-open.org/odata/ns/edmx"
		Uri="https://dev.s4.ovly:80/sap/opu/odata/IWFND/CATALOGSERVICE;v=2/Vocabularies(TechnicalName='%2FIWBEP%2FVOC_COMMON',Version='0001',SAP__Origin='LOCAL')/$value"><edmx:Include Namespace="com.sap.vocabularies.Common.v1" Alias="Common"/></edmx:Reference>
	<edmx:Reference xmlns:edmx="http://docs.oasis-open.org/odata/ns/edmx"
		Uri="https://dev.s4.ovly:80/sap/opu/odata/IWFND/CATALOGSERVICE;v=2/Vocabularies(TechnicalName='%2FIWBEP%2FVOC_CAPABILITIES',Version='0001',SAP__Origin='LOCAL')/$value"><edmx:Include Namespace="Org.OData.Capabilities.V1" Alias="Capabilities"/></edmx:Reference>
	<edmx:Reference xmlns:edmx="http://docs.oasis-open.org/odata/ns/edmx"
		Uri="https://dev.s4.ovly:80/sap/opu/odata/IWFND/CATALOGSERVICE;v=2/Vocabularies(TechnicalName='%2FIWBEP%2FVOC_COMMUNICATION',Version='0001',SAP__Origin='LOCAL')/$value"><edmx:Include Namespace="com.sap.vocabularies.Communication.v1" Alias="Communication"/></edmx:Reference>
	<edmx:DataServices m:DataServiceVersion="2.0">
		<Schema xmlns="http://schemas.microsoft.com/ado/2008/09/edm" Namespace="ZT46_24_SALES_BY_QUATER_CDS" xml:lang="en" sap:schema-version="1">
			<EntityType Name="ZT46_24_SALES_BY_QUATERType" sap:label="Vendas por Trimestre" sap:content-version="1">
				<Key><PropertyRef Name="id"/></Key><Property Name="id" Type="Edm.String" Nullable="false" MaxLength="2" sap:display-format="UpperCase" sap:label="Quarter"/><Property Name="gross" Type="Edm.Decimal" Precision="16" Scale="3" sap:label="gross"/></EntityType>
			<EntityContainer Name="ZT46_24_SALES_BY_QUATER_CDS_Entities" m:IsDefaultEntityContainer="true" sap:supported-formats="atom json xlsx"><EntitySet Name="ZT46_24_SALES_BY_QUATER" EntityType="ZT46_24_SALES_BY_QUATER_CDS.ZT46_24_SALES_BY_QUATERType" sap:creatable="false"
				sap:updatable="false" sap:deletable="false" sap:content-version="1"/></EntityContainer><atom:link xmlns:atom="http://www.w3.org/2005/Atom" rel="self"
				href="https://dev.s4.ovly:80/sap/opu/odata/sap/ZT46_24_SALES_BY_QUATER_CDS/$metadata"/><atom:link xmlns:atom="http://www.w3.org/2005/Atom" rel="latest-version"
				href="https://dev.s4.ovly:80/sap/opu/odata/sap/ZT46_24_SALES_BY_QUATER_CDS/$metadata"/></Schema>
	</edmx:DataServices>
</edmx:Edmx>