[{
	"ProductID": "ProductID 1",
	"TypeCode": "TypeCode 1",
	"Category": "Category 1",
	"Name": "Name 1",
	"NameLanguage": "NameLanguage 1",
	"Description": "Description 1",
	"DescriptionLanguage": "DescriptionLanguage 1",
	"SupplierID": "BusinessPartnerID 1",
	"SupplierName": "SupplierName 1",
	"TaxTarifCode": 0,
	"MeasureUnit": "MeasureUnit 1",
	"WeightMeasure": 9.85,
	"WeightUnit": "WeightUnit 1",
	"CurrencyCode": "CurrencyCode 1",
	"Price": 416.31,
	"Width": 6671.92,
	"Depth": 2613.6,
	"Height": 7960.43,
	"DimUnit": "DimUnit 1",
	"CreatedAt": "/Date(1130538245000)/",
	"ChangedAt": "/Date(1542925445000)/",
	"__metadata": {
		"uri": "ProductSet('ProductID%201')",
		"type": "GWSAMPLE_BASIC.Product"
	},
	"ToSalesOrderLineItems": {
		"__deferred": {
			"uri": "ProductSet('ProductID%201')/ToSalesOrderLineItems"
		}
	},
	"ToSupplier": {
		"__deferred": {
			"uri": "ProductSet('ProductID%201')/ToSupplier"
		}
	}
}, {
	"ProductID": "ProductID 2",
	"TypeCode": "TypeCode 2",
	"Category": "Category 2",
	"Name": "Name 2",
	"NameLanguage": "NameLanguage 2",
	"Description": "Description 2",
	"DescriptionLanguage": "DescriptionLanguage 2",
	"SupplierID": "BusinessPartnerID 2",
	"SupplierName": "SupplierName 2",
	"TaxTarifCode": 0,
	"MeasureUnit": "MeasureUnit 2",
	"WeightMeasure": 2584.86,
	"WeightUnit": "WeightUnit 2",
	"CurrencyCode": "CurrencyCode 2",
	"Price": 150.05,
	"Width": 7638.68,
	"Depth": 100.85,
	"Height": 8688.55,
	"DimUnit": "DimUnit 2",
	"CreatedAt": "/Date(1376605445000)/",
	"ChangedAt": "/Date(1177971845000)/",
	"__metadata": {
		"uri": "ProductSet('ProductID%202')",
		"type": "GWSAMPLE_BASIC.Product"
	},
	"ToSalesOrderLineItems": {
		"__deferred": {
			"uri": "ProductSet('ProductID%202')/ToSalesOrderLineItems"
		}
	},
	"ToSupplier": {
		"__deferred": {
			"uri": "ProductSet('ProductID%202')/ToSupplier"
		}
	}
}, {
	"ProductID": "ProductID 3",
	"TypeCode": "TypeCode 3",
	"Category": "Category 3",
	"Name": "Name 3",
	"NameLanguage": "NameLanguage 3",
	"Description": "Description 3",
	"DescriptionLanguage": "DescriptionLanguage 3",
	"SupplierID": "BusinessPartnerID 3",
	"SupplierName": "SupplierName 3",
	"TaxTarifCode": 6,
	"MeasureUnit": "MeasureUnit 3",
	"WeightMeasure": 9523.1,
	"WeightUnit": "WeightUnit 3",
	"CurrencyCode": "CurrencyCode 3",
	"Price": 8078.05,
	"Width": 3324.62,
	"Depth": 591.67,
	"Height": 4853.71,
	"DimUnit": "DimUnit 3",
	"CreatedAt": "/Date(1158877445000)/",
	"ChangedAt": "/Date(1406672645000)/",
	"__metadata": {
		"uri": "ProductSet('ProductID%203')",
		"type": "GWSAMPLE_BASIC.Product"
	},
	"ToSalesOrderLineItems": {
		"__deferred": {
			"uri": "ProductSet('ProductID%203')/ToSalesOrderLineItems"
		}
	},
	"ToSupplier": {
		"__deferred": {
			"uri": "ProductSet('ProductID%203')/ToSupplier"
		}
	}
}, {
	"ProductID": "ProductID 4",
	"TypeCode": "TypeCode 4",
	"Category": "Category 4",
	"Name": "Name 4",
	"NameLanguage": "NameLanguage 4",
	"Description": "Description 4",
	"DescriptionLanguage": "DescriptionLanguage 4",
	"SupplierID": "BusinessPartnerID 4",
	"SupplierName": "SupplierName 4",
	"TaxTarifCode": 2,
	"MeasureUnit": "MeasureUnit 4",
	"WeightMeasure": 4053.58,
	"WeightUnit": "WeightUnit 4",
	"CurrencyCode": "CurrencyCode 4",
	"Price": 7495.46,
	"Width": 7826.71,
	"Depth": 3812,
	"Height": 6152.62,
	"DimUnit": "DimUnit 4",
	"CreatedAt": "/Date(1443047045000)/",
	"ChangedAt": "/Date(1561760645000)/",
	"__metadata": {
		"uri": "ProductSet('ProductID%204')",
		"type": "GWSAMPLE_BASIC.Product"
	},
	"ToSalesOrderLineItems": {
		"__deferred": {
			"uri": "ProductSet('ProductID%204')/ToSalesOrderLineItems"
		}
	},
	"ToSupplier": {
		"__deferred": {
			"uri": "ProductSet('ProductID%204')/ToSupplier"
		}
	}
}, {
	"ProductID": "ProductID 5",
	"TypeCode": "TypeCode 5",
	"Category": "Category 5",
	"Name": "Name 5",
	"NameLanguage": "NameLanguage 5",
	"Description": "Description 5",
	"DescriptionLanguage": "DescriptionLanguage 5",
	"SupplierID": "BusinessPartnerID 5",
	"SupplierName": "SupplierName 5",
	"TaxTarifCode": 7,
	"MeasureUnit": "MeasureUnit 5",
	"WeightMeasure": 7116.64,
	"WeightUnit": "WeightUnit 5",
	"CurrencyCode": "CurrencyCode 5",
	"Price": 3189.11,
	"Width": 2884.41,
	"Depth": 6673.2,
	"Height": 3050.52,
	"DimUnit": "DimUnit 5",
	"CreatedAt": "/Date(977264645000)/",
	"ChangedAt": "/Date(1275171845000)/",
	"__metadata": {
		"uri": "ProductSet('ProductID%205')",
		"type": "GWSAMPLE_BASIC.Product"
	},
	"ToSalesOrderLineItems": {
		"__deferred": {
			"uri": "ProductSet('ProductID%205')/ToSalesOrderLineItems"
		}
	},
	"ToSupplier": {
		"__deferred": {
			"uri": "ProductSet('ProductID%205')/ToSupplier"
		}
	}
}, {
	"ProductID": "ProductID 6",
	"TypeCode": "TypeCode 6",
	"Category": "Category 6",
	"Name": "Name 6",
	"NameLanguage": "NameLanguage 6",
	"Description": "Description 6",
	"DescriptionLanguage": "DescriptionLanguage 6",
	"SupplierID": "BusinessPartnerID 6",
	"SupplierName": "SupplierName 6",
	"TaxTarifCode": 2,
	"MeasureUnit": "MeasureUnit 6",
	"WeightMeasure": 2114.01,
	"WeightUnit": "WeightUnit 6",
	"CurrencyCode": "CurrencyCode 6",
	"Price": 865.68,
	"Width": 7131.28,
	"Depth": 4669.02,
	"Height": 5584.73,
	"DimUnit": "DimUnit 6",
	"CreatedAt": "/Date(1132525445000)/",
	"ChangedAt": "/Date(1378938245000)/",
	"__metadata": {
		"uri": "ProductSet('ProductID%206')",
		"type": "GWSAMPLE_BASIC.Product"
	},
	"ToSalesOrderLineItems": {
		"__deferred": {
			"uri": "ProductSet('ProductID%206')/ToSalesOrderLineItems"
		}
	},
	"ToSupplier": {
		"__deferred": {
			"uri": "ProductSet('ProductID%206')/ToSupplier"
		}
	}
}, {
	"ProductID": "ProductID 7",
	"TypeCode": "TypeCode 7",
	"Category": "Category 7",
	"Name": "Name 7",
	"NameLanguage": "NameLanguage 7",
	"Description": "Description 7",
	"DescriptionLanguage": "DescriptionLanguage 7",
	"SupplierID": "BusinessPartnerID 7",
	"SupplierName": "SupplierName 7",
	"TaxTarifCode": 5,
	"MeasureUnit": "MeasureUnit 7",
	"WeightMeasure": 5582.16,
	"WeightUnit": "WeightUnit 7",
	"CurrencyCode": "CurrencyCode 7",
	"Price": 9889.58,
	"Width": 2209.25,
	"Depth": 9106.05,
	"Height": 5632.87,
	"DimUnit": "DimUnit 7",
	"CreatedAt": "/Date(1080167045000)/",
	"ChangedAt": "/Date(1475015045000)/",
	"__metadata": {
		"uri": "ProductSet('ProductID%207')",
		"type": "GWSAMPLE_BASIC.Product"
	},
	"ToSalesOrderLineItems": {
		"__deferred": {
			"uri": "ProductSet('ProductID%207')/ToSalesOrderLineItems"
		}
	},
	"ToSupplier": {
		"__deferred": {
			"uri": "ProductSet('ProductID%207')/ToSupplier"
		}
	}
}, {
	"ProductID": "ProductID 8",
	"TypeCode": "TypeCode 8",
	"Category": "Category 8",
	"Name": "Name 8",
	"NameLanguage": "NameLanguage 8",
	"Description": "Description 8",
	"DescriptionLanguage": "DescriptionLanguage 8",
	"SupplierID": "BusinessPartnerID 8",
	"SupplierName": "SupplierName 8",
	"TaxTarifCode": 7,
	"MeasureUnit": "MeasureUnit 8",
	"WeightMeasure": 517.85,
	"WeightUnit": "WeightUnit 8",
	"CurrencyCode": "CurrencyCode 8",
	"Price": 5272.55,
	"Width": 6084.72,
	"Depth": 3899.73,
	"Height": 539.99,
	"DimUnit": "DimUnit 8",
	"CreatedAt": "/Date(1506637445000)/",
	"ChangedAt": "/Date(1429395845000)/",
	"__metadata": {
		"uri": "ProductSet('ProductID%208')",
		"type": "GWSAMPLE_BASIC.Product"
	},
	"ToSalesOrderLineItems": {
		"__deferred": {
			"uri": "ProductSet('ProductID%208')/ToSalesOrderLineItems"
		}
	},
	"ToSupplier": {
		"__deferred": {
			"uri": "ProductSet('ProductID%208')/ToSupplier"
		}
	}
}, {
	"ProductID": "ProductID 9",
	"TypeCode": "TypeCode 9",
	"Category": "Category 9",
	"Name": "Name 9",
	"NameLanguage": "NameLanguage 9",
	"Description": "Description 9",
	"DescriptionLanguage": "DescriptionLanguage 9",
	"SupplierID": "BusinessPartnerID 9",
	"SupplierName": "SupplierName 9",
	"TaxTarifCode": 0,
	"MeasureUnit": "MeasureUnit 9",
	"WeightMeasure": 6592.09,
	"WeightUnit": "WeightUnit 9",
	"CurrencyCode": "CurrencyCode 9",
	"Price": 3731.02,
	"Width": 9240,
	"Depth": 7680,
	"Height": 5575.25,
	"DimUnit": "DimUnit 9",
	"CreatedAt": "/Date(1189981445000)/",
	"ChangedAt": "/Date(1557527045000)/",
	"__metadata": {
		"uri": "ProductSet('ProductID%209')",
		"type": "GWSAMPLE_BASIC.Product"
	},
	"ToSalesOrderLineItems": {
		"__deferred": {
			"uri": "ProductSet('ProductID%209')/ToSalesOrderLineItems"
		}
	},
	"ToSupplier": {
		"__deferred": {
			"uri": "ProductSet('ProductID%209')/ToSupplier"
		}
	}
}, {
	"ProductID": "ProductID 10",
	"TypeCode": "TypeCode 10",
	"Category": "Category 10",
	"Name": "Name 10",
	"NameLanguage": "NameLanguage 10",
	"Description": "Description 10",
	"DescriptionLanguage": "DescriptionLanguage 10",
	"SupplierID": "BusinessPartnerID 10",
	"SupplierName": "SupplierName 10",
	"TaxTarifCode": 8,
	"MeasureUnit": "MeasureUnit 10",
	"WeightMeasure": 4212.82,
	"WeightUnit": "WeightUnit 10",
	"CurrencyCode": "CurrencyCode 10",
	"Price": 2621.15,
	"Width": 4078.77,
	"Depth": 9244.63,
	"Height": 6336.84,
	"DimUnit": "DimUnit 10",
	"CreatedAt": "/Date(1008800645000)/",
	"ChangedAt": "/Date(1335047045000)/",
	"__metadata": {
		"uri": "ProductSet('ProductID%2010')",
		"type": "GWSAMPLE_BASIC.Product"
	},
	"ToSalesOrderLineItems": {
		"__deferred": {
			"uri": "ProductSet('ProductID%2010')/ToSalesOrderLineItems"
		}
	},
	"ToSupplier": {
		"__deferred": {
			"uri": "ProductSet('ProductID%2010')/ToSupplier"
		}
	}
}, {
	"ProductID": "ProductID 1",
	"TypeCode": "TypeCode 1",
	"Category": "Category 1",
	"Name": "Name 1",
	"NameLanguage": "NameLanguage 1",
	"Description": "Description 1",
	"DescriptionLanguage": "DescriptionLanguage 1",
	"SupplierID": "BusinessPartnerID 1",
	"SupplierName": "SupplierName 1",
	"TaxTarifCode": 0,
	"MeasureUnit": "MeasureUnit 1",
	"WeightMeasure": 9.85,
	"WeightUnit": "WeightUnit 1",
	"CurrencyCode": "CurrencyCode 1",
	"Price": 416.31,
	"Width": 6671.92,
	"Depth": 2613.6,
	"Height": 7960.43,
	"DimUnit": "DimUnit 1",
	"CreatedAt": "/Date(1130532534000)/",
	"ChangedAt": "/Date(1542919734000)/",
	"__metadata": {
		"uri": "ProductSet('ProductID%201')",
		"type": "GWSAMPLE_BASIC.Product"
	},
	"ToSalesOrderLineItems": {
		"__deferred": {
			"uri": "ProductSet('ProductID%201')/ToSalesOrderLineItems"
		}
	},
	"ToSupplier": {
		"__deferred": {
			"uri": "ProductSet('ProductID%201')/ToSupplier"
		}
	}
}, {
	"ProductID": "ProductID 2",
	"TypeCode": "TypeCode 2",
	"Category": "Category 2",
	"Name": "Name 2",
	"NameLanguage": "NameLanguage 2",
	"Description": "Description 2",
	"DescriptionLanguage": "DescriptionLanguage 2",
	"SupplierID": "BusinessPartnerID 2",
	"SupplierName": "SupplierName 2",
	"TaxTarifCode": 0,
	"MeasureUnit": "MeasureUnit 2",
	"WeightMeasure": 2584.86,
	"WeightUnit": "WeightUnit 2",
	"CurrencyCode": "CurrencyCode 2",
	"Price": 5101.49,
	"Width": 7638.68,
	"Depth": 100.85,
	"Height": 8688.55,
	"DimUnit": "DimUnit 2",
	"CreatedAt": "/Date(1376599734000)/",
	"ChangedAt": "/Date(1177966134000)/",
	"__metadata": {
		"uri": "ProductSet('ProductID%202')",
		"type": "GWSAMPLE_BASIC.Product"
	},
	"ToSalesOrderLineItems": {
		"__deferred": {
			"uri": "ProductSet('ProductID%202')/ToSalesOrderLineItems"
		}
	},
	"ToSupplier": {
		"__deferred": {
			"uri": "ProductSet('ProductID%202')/ToSupplier"
		}
	}
}, {
	"ProductID": "ProductID 3",
	"TypeCode": "TypeCode 3",
	"Category": "Category 3",
	"Name": "Name 3",
	"NameLanguage": "NameLanguage 3",
	"Description": "Description 3",
	"DescriptionLanguage": "DescriptionLanguage 3",
	"SupplierID": "BusinessPartnerID 3",
	"SupplierName": "SupplierName 3",
	"TaxTarifCode": 6,
	"MeasureUnit": "MeasureUnit 3",
	"WeightMeasure": 9523.1,
	"WeightUnit": "WeightUnit 3",
	"CurrencyCode": "CurrencyCode 3",
	"Price": 8078.05,
	"Width": 3324.62,
	"Depth": 591.67,
	"Height": 4853.71,
	"DimUnit": "DimUnit 3",
	"CreatedAt": "/Date(1158871734000)/",
	"ChangedAt": "/Date(1406666934000)/",
	"__metadata": {
		"uri": "ProductSet('ProductID%203')",
		"type": "GWSAMPLE_BASIC.Product"
	},
	"ToSalesOrderLineItems": {
		"__deferred": {
			"uri": "ProductSet('ProductID%203')/ToSalesOrderLineItems"
		}
	},
	"ToSupplier": {
		"__deferred": {
			"uri": "ProductSet('ProductID%203')/ToSupplier"
		}
	}
}, {
	"ProductID": "ProductID 4",
	"TypeCode": "TypeCode 4",
	"Category": "Category 4",
	"Name": "Name 4",
	"NameLanguage": "NameLanguage 4",
	"Description": "Description 4",
	"DescriptionLanguage": "DescriptionLanguage 4",
	"SupplierID": "BusinessPartnerID 4",
	"SupplierName": "SupplierName 4",
	"TaxTarifCode": 2,
	"MeasureUnit": "MeasureUnit 4",
	"WeightMeasure": 4053.58,
	"WeightUnit": "WeightUnit 4",
	"CurrencyCode": "CurrencyCode 4",
	"Price": 7495.46,
	"Width": 7826.71,
	"Depth": 3812,
	"Height": 6152.62,
	"DimUnit": "DimUnit 4",
	"CreatedAt": "/Date(1443041334000)/",
	"ChangedAt": "/Date(1561754934000)/",
	"__metadata": {
		"uri": "ProductSet('ProductID%204')",
		"type": "GWSAMPLE_BASIC.Product"
	},
	"ToSalesOrderLineItems": {
		"__deferred": {
			"uri": "ProductSet('ProductID%204')/ToSalesOrderLineItems"
		}
	},
	"ToSupplier": {
		"__deferred": {
			"uri": "ProductSet('ProductID%204')/ToSupplier"
		}
	}
}, {
	"ProductID": "ProductID 5",
	"TypeCode": "TypeCode 5",
	"Category": "Category 5",
	"Name": "Name 5",
	"NameLanguage": "NameLanguage 5",
	"Description": "Description 5",
	"DescriptionLanguage": "DescriptionLanguage 5",
	"SupplierID": "BusinessPartnerID 5",
	"SupplierName": "SupplierName 5",
	"TaxTarifCode": 7,
	"MeasureUnit": "MeasureUnit 5",
	"WeightMeasure": 7116.64,
	"WeightUnit": "WeightUnit 5",
	"CurrencyCode": "CurrencyCode 5",
	"Price": 3189.11,
	"Width": 2884.41,
	"Depth": 6673.2,
	"Height": 3050.52,
	"DimUnit": "DimUnit 5",
	"CreatedAt": "/Date(977258934000)/",
	"ChangedAt": "/Date(1275166134000)/",
	"__metadata": {
		"uri": "ProductSet('ProductID%205')",
		"type": "GWSAMPLE_BASIC.Product"
	},
	"ToSalesOrderLineItems": {
		"__deferred": {
			"uri": "ProductSet('ProductID%205')/ToSalesOrderLineItems"
		}
	},
	"ToSupplier": {
		"__deferred": {
			"uri": "ProductSet('ProductID%205')/ToSupplier"
		}
	}
}, {
	"ProductID": "ProductID 6",
	"TypeCode": "TypeCode 6",
	"Category": "Category 6",
	"Name": "Name 6",
	"NameLanguage": "NameLanguage 6",
	"Description": "Description 6",
	"DescriptionLanguage": "DescriptionLanguage 6",
	"SupplierID": "BusinessPartnerID 6",
	"SupplierName": "SupplierName 6",
	"TaxTarifCode": 2,
	"MeasureUnit": "MeasureUnit 6",
	"WeightMeasure": 2114.01,
	"WeightUnit": "WeightUnit 6",
	"CurrencyCode": "CurrencyCode 6",
	"Price": 865.68,
	"Width": 7131.28,
	"Depth": 4669.02,
	"Height": 5584.73,
	"DimUnit": "DimUnit 6",
	"CreatedAt": "/Date(1132519734000)/",
	"ChangedAt": "/Date(1378932534000)/",
	"__metadata": {
		"uri": "ProductSet('ProductID%206')",
		"type": "GWSAMPLE_BASIC.Product"
	},
	"ToSalesOrderLineItems": {
		"__deferred": {
			"uri": "ProductSet('ProductID%206')/ToSalesOrderLineItems"
		}
	},
	"ToSupplier": {
		"__deferred": {
			"uri": "ProductSet('ProductID%206')/ToSupplier"
		}
	}
}, {
	"ProductID": "ProductID 7",
	"TypeCode": "TypeCode 7",
	"Category": "Category 7",
	"Name": "Name 7",
	"NameLanguage": "NameLanguage 7",
	"Description": "Description 7",
	"DescriptionLanguage": "DescriptionLanguage 7",
	"SupplierID": "BusinessPartnerID 7",
	"SupplierName": "SupplierName 7",
	"TaxTarifCode": 5,
	"MeasureUnit": "MeasureUnit 7",
	"WeightMeasure": 5582.16,
	"WeightUnit": "WeightUnit 7",
	"CurrencyCode": "CurrencyCode 7",
	"Price": 9889.58,
	"Width": 2209.25,
	"Depth": 9106.05,
	"Height": 5632.87,
	"DimUnit": "DimUnit 7",
	"CreatedAt": "/Date(1080161334000)/",
	"ChangedAt": "/Date(1475009334000)/",
	"__metadata": {
		"uri": "ProductSet('ProductID%207')",
		"type": "GWSAMPLE_BASIC.Product"
	},
	"ToSalesOrderLineItems": {
		"__deferred": {
			"uri": "ProductSet('ProductID%207')/ToSalesOrderLineItems"
		}
	},
	"ToSupplier": {
		"__deferred": {
			"uri": "ProductSet('ProductID%207')/ToSupplier"
		}
	}
}, {
	"ProductID": "ProductID 8",
	"TypeCode": "TypeCode 8",
	"Category": "Category 8",
	"Name": "Name 8",
	"NameLanguage": "NameLanguage 8",
	"Description": "Description 8",
	"DescriptionLanguage": "DescriptionLanguage 8",
	"SupplierID": "BusinessPartnerID 8",
	"SupplierName": "SupplierName 8",
	"TaxTarifCode": 7,
	"MeasureUnit": "MeasureUnit 8",
	"WeightMeasure": 517.85,
	"WeightUnit": "WeightUnit 8",
	"CurrencyCode": "CurrencyCode 8",
	"Price": 5272.55,
	"Width": 6084.72,
	"Depth": 3899.73,
	"Height": 539.99,
	"DimUnit": "DimUnit 8",
	"CreatedAt": "/Date(1506631734000)/",
	"ChangedAt": "/Date(1429390134000)/",
	"__metadata": {
		"uri": "ProductSet('ProductID%208')",
		"type": "GWSAMPLE_BASIC.Product"
	},
	"ToSalesOrderLineItems": {
		"__deferred": {
			"uri": "ProductSet('ProductID%208')/ToSalesOrderLineItems"
		}
	},
	"ToSupplier": {
		"__deferred": {
			"uri": "ProductSet('ProductID%208')/ToSupplier"
		}
	}
}, {
	"ProductID": "ProductID 9",
	"TypeCode": "TypeCode 9",
	"Category": "Category 9",
	"Name": "Name 9",
	"NameLanguage": "NameLanguage 9",
	"Description": "Description 9",
	"DescriptionLanguage": "DescriptionLanguage 9",
	"SupplierID": "BusinessPartnerID 9",
	"SupplierName": "SupplierName 9",
	"TaxTarifCode": 0,
	"MeasureUnit": "MeasureUnit 9",
	"WeightMeasure": 6592.09,
	"WeightUnit": "WeightUnit 9",
	"CurrencyCode": "CurrencyCode 9",
	"Price": 3731.02,
	"Width": 9240,
	"Depth": 7680,
	"Height": 5575.25,
	"DimUnit": "DimUnit 9",
	"CreatedAt": "/Date(1189975734000)/",
	"ChangedAt": "/Date(1557521334000)/",
	"__metadata": {
		"uri": "ProductSet('ProductID%209')",
		"type": "GWSAMPLE_BASIC.Product"
	},
	"ToSalesOrderLineItems": {
		"__deferred": {
			"uri": "ProductSet('ProductID%209')/ToSalesOrderLineItems"
		}
	},
	"ToSupplier": {
		"__deferred": {
			"uri": "ProductSet('ProductID%209')/ToSupplier"
		}
	}
}, {
	"ProductID": "ProductID 10",
	"TypeCode": "TypeCode 10",
	"Category": "Category 10",
	"Name": "Name 10",
	"NameLanguage": "NameLanguage 10",
	"Description": "Description 10",
	"DescriptionLanguage": "DescriptionLanguage 10",
	"SupplierID": "BusinessPartnerID 10",
	"SupplierName": "SupplierName 10",
	"TaxTarifCode": 8,
	"MeasureUnit": "MeasureUnit 10",
	"WeightMeasure": 4212.82,
	"WeightUnit": "WeightUnit 10",
	"CurrencyCode": "CurrencyCode 10",
	"Price": 2621.15,
	"Width": 4078.77,
	"Depth": 9244.63,
	"Height": 6336.84,
	"DimUnit": "DimUnit 10",
	"CreatedAt": "/Date(1008794934000)/",
	"ChangedAt": "/Date(1335041334000)/",
	"__metadata": {
		"uri": "ProductSet('ProductID%2010')",
		"type": "GWSAMPLE_BASIC.Product"
	},
	"ToSalesOrderLineItems": {
		"__deferred": {
			"uri": "ProductSet('ProductID%2010')/ToSalesOrderLineItems"
		}
	},
	"ToSupplier": {
		"__deferred": {
			"uri": "ProductSet('ProductID%2010')/ToSupplier"
		}
	}
}, {
	"ProductID": "ProductID 11",
	"TypeCode": "TypeCode 11",
	"Category": "Category 11",
	"Name": "Name 11",
	"NameLanguage": "NameLanguage 11",
	"Description": "Description 11",
	"DescriptionLanguage": "DescriptionLanguage 11",
	"SupplierID": "BusinessPartnerID 11",
	"SupplierName": "SupplierName 11",
	"TaxTarifCode": 9,
	"MeasureUnit": "MeasureUnit 11",
	"WeightMeasure": 7555.63,
	"WeightUnit": "WeightUnit 11",
	"CurrencyCode": "CurrencyCode 11",
	"Price": 9799.75,
	"Width": 5976.94,
	"Depth": 3090.44,
	"Height": 1297.78,
	"DimUnit": "DimUnit 11",
	"CreatedAt": "/Date(1488487768000)/",
	"ChangedAt": "/Date(1368132568000)/",
	"__metadata": {
		"uri": "ProductSet('ProductID%2011')",
		"type": "GWSAMPLE_BASIC.Product"
	},
	"ToSalesOrderLineItems": {
		"__deferred": {
			"uri": "ProductSet('ProductID%2011')/ToSalesOrderLineItems"
		}
	},
	"ToSupplier": {
		"__deferred": {
			"uri": "ProductSet('ProductID%2011')/ToSupplier"
		}
	}
}, {
	"ProductID": "ProductID 12",
	"TypeCode": "TypeCode 12",
	"Category": "Category 12",
	"Name": "Name 12",
	"NameLanguage": "NameLanguage 12",
	"Description": "Description 12",
	"DescriptionLanguage": "DescriptionLanguage 12",
	"SupplierID": "BusinessPartnerID 12",
	"SupplierName": "SupplierName 12",
	"TaxTarifCode": 8,
	"MeasureUnit": "MeasureUnit 12",
	"WeightMeasure": 3101.81,
	"WeightUnit": "WeightUnit 12",
	"CurrencyCode": "CurrencyCode 12",
	"Price": 9545.37,
	"Width": 4880.84,
	"Depth": 3507.19,
	"Height": 2537.92,
	"DimUnit": "DimUnit 12",
	"CreatedAt": "/Date(1480538968000)/",
	"ChangedAt": "/Date(1539204568000)/",
	"__metadata": {
		"uri": "ProductSet('ProductID%2012')",
		"type": "GWSAMPLE_BASIC.Product"
	},
	"ToSalesOrderLineItems": {
		"__deferred": {
			"uri": "ProductSet('ProductID%2012')/ToSalesOrderLineItems"
		}
	},
	"ToSupplier": {
		"__deferred": {
			"uri": "ProductSet('ProductID%2012')/ToSupplier"
		}
	}
}, {
	"ProductID": "ProductID 13",
	"TypeCode": "TypeCode 13",
	"Category": "Category 13",
	"Name": "Name 13",
	"NameLanguage": "NameLanguage 13",
	"Description": "Description 13",
	"DescriptionLanguage": "DescriptionLanguage 13",
	"SupplierID": "BusinessPartnerID 13",
	"SupplierName": "SupplierName 13",
	"TaxTarifCode": 3,
	"MeasureUnit": "MeasureUnit 13",
	"WeightMeasure": 5393.82,
	"WeightUnit": "WeightUnit 13",
	"CurrencyCode": "CurrencyCode 13",
	"Price": 4076.01,
	"Width": 2192.78,
	"Depth": 8733.68,
	"Height": 9210.64,
	"DimUnit": "DimUnit 13",
	"CreatedAt": "/Date(1345841368000)/",
	"ChangedAt": "/Date(1473972568000)/",
	"__metadata": {
		"uri": "ProductSet('ProductID%2013')",
		"type": "GWSAMPLE_BASIC.Product"
	},
	"ToSalesOrderLineItems": {
		"__deferred": {
			"uri": "ProductSet('ProductID%2013')/ToSalesOrderLineItems"
		}
	},
	"ToSupplier": {
		"__deferred": {
			"uri": "ProductSet('ProductID%2013')/ToSupplier"
		}
	}
}, {
	"ProductID": "ProductID 14",
	"TypeCode": "TypeCode 14",
	"Category": "Category 14",
	"Name": "Name 14",
	"NameLanguage": "NameLanguage 14",
	"Description": "Description 14",
	"DescriptionLanguage": "DescriptionLanguage 14",
	"SupplierID": "BusinessPartnerID 14",
	"SupplierName": "SupplierName 14",
	"TaxTarifCode": 0,
	"MeasureUnit": "MeasureUnit 14",
	"WeightMeasure": 2390.42,
	"WeightUnit": "WeightUnit 14",
	"CurrencyCode": "CurrencyCode 14",
	"Price": 2606.31,
	"Width": 253.95,
	"Depth": 8644.83,
	"Height": 3876.5,
	"DimUnit": "DimUnit 14",
	"CreatedAt": "/Date(1031777368000)/",
	"ChangedAt": "/Date(1228510168000)/",
	"__metadata": {
		"uri": "ProductSet('ProductID%2014')",
		"type": "GWSAMPLE_BASIC.Product"
	},
	"ToSalesOrderLineItems": {
		"__deferred": {
			"uri": "ProductSet('ProductID%2014')/ToSalesOrderLineItems"
		}
	},
	"ToSupplier": {
		"__deferred": {
			"uri": "ProductSet('ProductID%2014')/ToSupplier"
		}
	}
}, {
	"ProductID": "ProductID 15",
	"TypeCode": "TypeCode 15",
	"Category": "Category 15",
	"Name": "Name 15",
	"NameLanguage": "NameLanguage 15",
	"Description": "Description 15",
	"DescriptionLanguage": "DescriptionLanguage 15",
	"SupplierID": "BusinessPartnerID 15",
	"SupplierName": "SupplierName 15",
	"TaxTarifCode": 4,
	"MeasureUnit": "MeasureUnit 15",
	"WeightMeasure": 4644.53,
	"WeightUnit": "WeightUnit 15",
	"CurrencyCode": "CurrencyCode 15",
	"Price": 5241.71,
	"Width": 530.23,
	"Depth": 597.52,
	"Height": 735.79,
	"DimUnit": "DimUnit 15",
	"CreatedAt": "/Date(1204231768000)/",
	"ChangedAt": "/Date(1316465368000)/",
	"__metadata": {
		"uri": "ProductSet('ProductID%2015')",
		"type": "GWSAMPLE_BASIC.Product"
	},
	"ToSalesOrderLineItems": {
		"__deferred": {
			"uri": "ProductSet('ProductID%2015')/ToSalesOrderLineItems"
		}
	},
	"ToSupplier": {
		"__deferred": {
			"uri": "ProductSet('ProductID%2015')/ToSupplier"
		}
	}
}, {
	"ProductID": "ProductID 16",
	"TypeCode": "TypeCode 16",
	"Category": "Category 16",
	"Name": "Name 16",
	"NameLanguage": "NameLanguage 16",
	"Description": "Description 16",
	"DescriptionLanguage": "DescriptionLanguage 16",
	"SupplierID": "BusinessPartnerID 16",
	"SupplierName": "SupplierName 16",
	"TaxTarifCode": 4,
	"MeasureUnit": "MeasureUnit 16",
	"WeightMeasure": 1369.13,
	"WeightUnit": "WeightUnit 16",
	"CurrencyCode": "CurrencyCode 16",
	"Price": 7452.82,
	"Width": 830.66,
	"Depth": 9458.29,
	"Height": 361.18,
	"DimUnit": "DimUnit 16",
	"CreatedAt": "/Date(1362602968000)/",
	"ChangedAt": "/Date(1466974168000)/",
	"__metadata": {
		"uri": "ProductSet('ProductID%2016')",
		"type": "GWSAMPLE_BASIC.Product"
	},
	"ToSalesOrderLineItems": {
		"__deferred": {
			"uri": "ProductSet('ProductID%2016')/ToSalesOrderLineItems"
		}
	},
	"ToSupplier": {
		"__deferred": {
			"uri": "ProductSet('ProductID%2016')/ToSupplier"
		}
	}
}, {
	"ProductID": "ProductID 17",
	"TypeCode": "TypeCode 17",
	"Category": "Category 17",
	"Name": "Name 17",
	"NameLanguage": "NameLanguage 17",
	"Description": "Description 17",
	"DescriptionLanguage": "DescriptionLanguage 17",
	"SupplierID": "BusinessPartnerID 17",
	"SupplierName": "SupplierName 17",
	"TaxTarifCode": 7,
	"MeasureUnit": "MeasureUnit 17",
	"WeightMeasure": 7670.07,
	"WeightUnit": "WeightUnit 17",
	"CurrencyCode": "CurrencyCode 17",
	"Price": 1526.14,
	"Width": 1407.91,
	"Depth": 9453.76,
	"Height": 3215.49,
	"DimUnit": "DimUnit 17",
	"CreatedAt": "/Date(1528922968000)/",
	"ChangedAt": "/Date(1378932568000)/",
	"__metadata": {
		"uri": "ProductSet('ProductID%2017')",
		"type": "GWSAMPLE_BASIC.Product"
	},
	"ToSalesOrderLineItems": {
		"__deferred": {
			"uri": "ProductSet('ProductID%2017')/ToSalesOrderLineItems"
		}
	},
	"ToSupplier": {
		"__deferred": {
			"uri": "ProductSet('ProductID%2017')/ToSupplier"
		}
	}
}, {
	"ProductID": "ProductID 18",
	"TypeCode": "TypeCode 18",
	"Category": "Category 18",
	"Name": "Name 18",
	"NameLanguage": "NameLanguage 18",
	"Description": "Description 18",
	"DescriptionLanguage": "DescriptionLanguage 18",
	"SupplierID": "BusinessPartnerID 18",
	"SupplierName": "SupplierName 18",
	"TaxTarifCode": 7,
	"MeasureUnit": "MeasureUnit 18",
	"WeightMeasure": 488.01,
	"WeightUnit": "WeightUnit 18",
	"CurrencyCode": "CurrencyCode 18",
	"Price": 437.51,
	"Width": 2347.95,
	"Depth": 8583.65,
	"Height": 5338.33,
	"DimUnit": "DimUnit 18",
	"CreatedAt": "/Date(1562359768000)/",
	"ChangedAt": "/Date(974926168000)/",
	"__metadata": {
		"uri": "ProductSet('ProductID%2018')",
		"type": "GWSAMPLE_BASIC.Product"
	},
	"ToSalesOrderLineItems": {
		"__deferred": {
			"uri": "ProductSet('ProductID%2018')/ToSalesOrderLineItems"
		}
	},
	"ToSupplier": {
		"__deferred": {
			"uri": "ProductSet('ProductID%2018')/ToSupplier"
		}
	}
}, {
	"ProductID": "ProductID 19",
	"TypeCode": "TypeCode 19",
	"Category": "Category 19",
	"Name": "Name 19",
	"NameLanguage": "NameLanguage 19",
	"Description": "Description 19",
	"DescriptionLanguage": "DescriptionLanguage 19",
	"SupplierID": "BusinessPartnerID 19",
	"SupplierName": "SupplierName 19",
	"TaxTarifCode": 3,
	"MeasureUnit": "MeasureUnit 19",
	"WeightMeasure": 7559.91,
	"WeightUnit": "WeightUnit 19",
	"CurrencyCode": "CurrencyCode 19",
	"Price": 5074.03,
	"Width": 4226.1,
	"Depth": 7346.05,
	"Height": 9914.9,
	"DimUnit": "DimUnit 19",
	"CreatedAt": "/Date(1174942168000)/",
	"ChangedAt": "/Date(1446929368000)/",
	"__metadata": {
		"uri": "ProductSet('ProductID%2019')",
		"type": "GWSAMPLE_BASIC.Product"
	},
	"ToSalesOrderLineItems": {
		"__deferred": {
			"uri": "ProductSet('ProductID%2019')/ToSalesOrderLineItems"
		}
	},
	"ToSupplier": {
		"__deferred": {
			"uri": "ProductSet('ProductID%2019')/ToSupplier"
		}
	}
}, {
	"ProductID": "ProductID 20",
	"TypeCode": "TypeCode 20",
	"Category": "Category 20",
	"Name": "Name 20",
	"NameLanguage": "NameLanguage 20",
	"Description": "Description 20",
	"DescriptionLanguage": "DescriptionLanguage 20",
	"SupplierID": "BusinessPartnerID 20",
	"SupplierName": "SupplierName 20",
	"TaxTarifCode": 6,
	"MeasureUnit": "MeasureUnit 20",
	"WeightMeasure": 8316.62,
	"WeightUnit": "WeightUnit 20",
	"CurrencyCode": "CurrencyCode 20",
	"Price": 9923.53,
	"Width": 6666.91,
	"Depth": 3064.08,
	"Height": 3857.63,
	"DimUnit": "DimUnit 20",
	"CreatedAt": "/Date(1340311768000)/",
	"ChangedAt": "/Date(1133297368000)/",
	"__metadata": {
		"uri": "ProductSet('ProductID%2020')",
		"type": "GWSAMPLE_BASIC.Product"
	},
	"ToSalesOrderLineItems": {
		"__deferred": {
			"uri": "ProductSet('ProductID%2020')/ToSalesOrderLineItems"
		}
	},
	"ToSupplier": {
		"__deferred": {
			"uri": "ProductSet('ProductID%2020')/ToSupplier"
		}
	}
}, {
	"ProductID": "ProductID 1",
	"TypeCode": "TypeCode 1",
	"Category": "Category 1",
	"Name": "Name 1",
	"NameLanguage": "NameLanguage 1",
	"Description": "Description 1",
	"DescriptionLanguage": "DescriptionLanguage 1",
	"SupplierID": "BusinessPartnerID 1",
	"SupplierName": "SupplierName 1",
	"TaxTarifCode": 0,
	"MeasureUnit": "MeasureUnit 1",
	"WeightMeasure": 9.85,
	"WeightUnit": "WeightUnit 1",
	"CurrencyCode": "CurrencyCode 1",
	"Price": 416.31,
	"Width": 6671.92,
	"Depth": 2613.6,
	"Height": 7960.43,
	"DimUnit": "DimUnit 1",
	"CreatedAt": "/Date(1130533526000)/",
	"ChangedAt": "/Date(1542920726000)/",
	"__metadata": {
		"uri": "ProductSet('ProductID%201')",
		"type": "GWSAMPLE_BASIC.Product"
	},
	"ToSalesOrderLineItems": {
		"__deferred": {
			"uri": "ProductSet('ProductID%201')/ToSalesOrderLineItems"
		}
	},
	"ToSupplier": {
		"__deferred": {
			"uri": "ProductSet('ProductID%201')/ToSupplier"
		}
	}
}, {
	"ProductID": "ProductID 2",
	"TypeCode": "TypeCode 2",
	"Category": "Category 2",
	"Name": "Name 2",
	"NameLanguage": "NameLanguage 2",
	"Description": "Description 2",
	"DescriptionLanguage": "DescriptionLanguage 2",
	"SupplierID": "BusinessPartnerID 2",
	"SupplierName": "SupplierName 2",
	"TaxTarifCode": 0,
	"MeasureUnit": "MeasureUnit 2",
	"WeightMeasure": 2584.86,
	"WeightUnit": "WeightUnit 2",
	"CurrencyCode": "CurrencyCode 2",
	"Price": 5101.49,
	"Width": 7638.68,
	"Depth": 100.85,
	"Height": 8688.55,
	"DimUnit": "DimUnit 2",
	"CreatedAt": "/Date(1376600726000)/",
	"ChangedAt": "/Date(1177967126000)/",
	"__metadata": {
		"uri": "ProductSet('ProductID%202')",
		"type": "GWSAMPLE_BASIC.Product"
	},
	"ToSalesOrderLineItems": {
		"__deferred": {
			"uri": "ProductSet('ProductID%202')/ToSalesOrderLineItems"
		}
	},
	"ToSupplier": {
		"__deferred": {
			"uri": "ProductSet('ProductID%202')/ToSupplier"
		}
	}
}, {
	"ProductID": "ProductID 3",
	"TypeCode": "TypeCode 3",
	"Category": "Category 3",
	"Name": "Name 3",
	"NameLanguage": "NameLanguage 3",
	"Description": "Description 3",
	"DescriptionLanguage": "DescriptionLanguage 3",
	"SupplierID": "BusinessPartnerID 3",
	"SupplierName": "SupplierName 3",
	"TaxTarifCode": 6,
	"MeasureUnit": "MeasureUnit 3",
	"WeightMeasure": 9523.1,
	"WeightUnit": "WeightUnit 3",
	"CurrencyCode": "CurrencyCode 3",
	"Price": 8078.05,
	"Width": 3324.62,
	"Depth": 591.67,
	"Height": 4853.71,
	"DimUnit": "DimUnit 3",
	"CreatedAt": "/Date(1158872726000)/",
	"ChangedAt": "/Date(1406667926000)/",
	"__metadata": {
		"uri": "ProductSet('ProductID%203')",
		"type": "GWSAMPLE_BASIC.Product"
	},
	"ToSalesOrderLineItems": {
		"__deferred": {
			"uri": "ProductSet('ProductID%203')/ToSalesOrderLineItems"
		}
	},
	"ToSupplier": {
		"__deferred": {
			"uri": "ProductSet('ProductID%203')/ToSupplier"
		}
	}
}, {
	"ProductID": "ProductID 4",
	"TypeCode": "TypeCode 4",
	"Category": "Category 4",
	"Name": "Name 4",
	"NameLanguage": "NameLanguage 4",
	"Description": "Description 4",
	"DescriptionLanguage": "DescriptionLanguage 4",
	"SupplierID": "BusinessPartnerID 4",
	"SupplierName": "SupplierName 4",
	"TaxTarifCode": 2,
	"MeasureUnit": "MeasureUnit 4",
	"WeightMeasure": 4053.58,
	"WeightUnit": "WeightUnit 4",
	"CurrencyCode": "CurrencyCode 4",
	"Price": 7495.46,
	"Width": 7826.71,
	"Depth": 3812,
	"Height": 6152.62,
	"DimUnit": "DimUnit 4",
	"CreatedAt": "/Date(1443042326000)/",
	"ChangedAt": "/Date(1561755926000)/",
	"__metadata": {
		"uri": "ProductSet('ProductID%204')",
		"type": "GWSAMPLE_BASIC.Product"
	},
	"ToSalesOrderLineItems": {
		"__deferred": {
			"uri": "ProductSet('ProductID%204')/ToSalesOrderLineItems"
		}
	},
	"ToSupplier": {
		"__deferred": {
			"uri": "ProductSet('ProductID%204')/ToSupplier"
		}
	}
}, {
	"ProductID": "ProductID 5",
	"TypeCode": "TypeCode 5",
	"Category": "Category 5",
	"Name": "Name 5",
	"NameLanguage": "NameLanguage 5",
	"Description": "Description 5",
	"DescriptionLanguage": "DescriptionLanguage 5",
	"SupplierID": "BusinessPartnerID 5",
	"SupplierName": "SupplierName 5",
	"TaxTarifCode": 7,
	"MeasureUnit": "MeasureUnit 5",
	"WeightMeasure": 7116.64,
	"WeightUnit": "WeightUnit 5",
	"CurrencyCode": "CurrencyCode 5",
	"Price": 3189.11,
	"Width": 2884.41,
	"Depth": 6673.2,
	"Height": 3050.52,
	"DimUnit": "DimUnit 5",
	"CreatedAt": "/Date(977259926000)/",
	"ChangedAt": "/Date(1275167126000)/",
	"__metadata": {
		"uri": "ProductSet('ProductID%205')",
		"type": "GWSAMPLE_BASIC.Product"
	},
	"ToSalesOrderLineItems": {
		"__deferred": {
			"uri": "ProductSet('ProductID%205')/ToSalesOrderLineItems"
		}
	},
	"ToSupplier": {
		"__deferred": {
			"uri": "ProductSet('ProductID%205')/ToSupplier"
		}
	}
}, {
	"ProductID": "ProductID 6",
	"TypeCode": "TypeCode 6",
	"Category": "Category 6",
	"Name": "Name 6",
	"NameLanguage": "NameLanguage 6",
	"Description": "Description 6",
	"DescriptionLanguage": "DescriptionLanguage 6",
	"SupplierID": "BusinessPartnerID 6",
	"SupplierName": "SupplierName 6",
	"TaxTarifCode": 2,
	"MeasureUnit": "MeasureUnit 6",
	"WeightMeasure": 2114.01,
	"WeightUnit": "WeightUnit 6",
	"CurrencyCode": "CurrencyCode 6",
	"Price": 865.68,
	"Width": 7131.28,
	"Depth": 4669.02,
	"Height": 5584.73,
	"DimUnit": "DimUnit 6",
	"CreatedAt": "/Date(1132520726000)/",
	"ChangedAt": "/Date(1378933526000)/",
	"__metadata": {
		"uri": "ProductSet('ProductID%206')",
		"type": "GWSAMPLE_BASIC.Product"
	},
	"ToSalesOrderLineItems": {
		"__deferred": {
			"uri": "ProductSet('ProductID%206')/ToSalesOrderLineItems"
		}
	},
	"ToSupplier": {
		"__deferred": {
			"uri": "ProductSet('ProductID%206')/ToSupplier"
		}
	}
}, {
	"ProductID": "ProductID 7",
	"TypeCode": "TypeCode 7",
	"Category": "Category 7",
	"Name": "Name 7",
	"NameLanguage": "NameLanguage 7",
	"Description": "Description 7",
	"DescriptionLanguage": "DescriptionLanguage 7",
	"SupplierID": "BusinessPartnerID 7",
	"SupplierName": "SupplierName 7",
	"TaxTarifCode": 5,
	"MeasureUnit": "MeasureUnit 7",
	"WeightMeasure": 5582.16,
	"WeightUnit": "WeightUnit 7",
	"CurrencyCode": "CurrencyCode 7",
	"Price": 9889.58,
	"Width": 2209.25,
	"Depth": 9106.05,
	"Height": 5632.87,
	"DimUnit": "DimUnit 7",
	"CreatedAt": "/Date(1080162326000)/",
	"ChangedAt": "/Date(1475010326000)/",
	"__metadata": {
		"uri": "ProductSet('ProductID%207')",
		"type": "GWSAMPLE_BASIC.Product"
	},
	"ToSalesOrderLineItems": {
		"__deferred": {
			"uri": "ProductSet('ProductID%207')/ToSalesOrderLineItems"
		}
	},
	"ToSupplier": {
		"__deferred": {
			"uri": "ProductSet('ProductID%207')/ToSupplier"
		}
	}
}, {
	"ProductID": "ProductID 8",
	"TypeCode": "TypeCode 8",
	"Category": "Category 8",
	"Name": "Name 8",
	"NameLanguage": "NameLanguage 8",
	"Description": "Description 8",
	"DescriptionLanguage": "DescriptionLanguage 8",
	"SupplierID": "BusinessPartnerID 8",
	"SupplierName": "SupplierName 8",
	"TaxTarifCode": 7,
	"MeasureUnit": "MeasureUnit 8",
	"WeightMeasure": 517.85,
	"WeightUnit": "WeightUnit 8",
	"CurrencyCode": "CurrencyCode 8",
	"Price": 5272.55,
	"Width": 6084.72,
	"Depth": 3899.73,
	"Height": 539.99,
	"DimUnit": "DimUnit 8",
	"CreatedAt": "/Date(1506632726000)/",
	"ChangedAt": "/Date(1429391126000)/",
	"__metadata": {
		"uri": "ProductSet('ProductID%208')",
		"type": "GWSAMPLE_BASIC.Product"
	},
	"ToSalesOrderLineItems": {
		"__deferred": {
			"uri": "ProductSet('ProductID%208')/ToSalesOrderLineItems"
		}
	},
	"ToSupplier": {
		"__deferred": {
			"uri": "ProductSet('ProductID%208')/ToSupplier"
		}
	}
}, {
	"ProductID": "ProductID 9",
	"TypeCode": "TypeCode 9",
	"Category": "Category 9",
	"Name": "Name 9",
	"NameLanguage": "NameLanguage 9",
	"Description": "Description 9",
	"DescriptionLanguage": "DescriptionLanguage 9",
	"SupplierID": "BusinessPartnerID 9",
	"SupplierName": "SupplierName 9",
	"TaxTarifCode": 0,
	"MeasureUnit": "MeasureUnit 9",
	"WeightMeasure": 6592.09,
	"WeightUnit": "WeightUnit 9",
	"CurrencyCode": "CurrencyCode 9",
	"Price": 3731.02,
	"Width": 9240,
	"Depth": 7680,
	"Height": 5575.25,
	"DimUnit": "DimUnit 9",
	"CreatedAt": "/Date(1189976726000)/",
	"ChangedAt": "/Date(1557522326000)/",
	"__metadata": {
		"uri": "ProductSet('ProductID%209')",
		"type": "GWSAMPLE_BASIC.Product"
	},
	"ToSalesOrderLineItems": {
		"__deferred": {
			"uri": "ProductSet('ProductID%209')/ToSalesOrderLineItems"
		}
	},
	"ToSupplier": {
		"__deferred": {
			"uri": "ProductSet('ProductID%209')/ToSupplier"
		}
	}
}, {
	"ProductID": "ProductID 10",
	"TypeCode": "TypeCode 10",
	"Category": "Category 10",
	"Name": "Name 10",
	"NameLanguage": "NameLanguage 10",
	"Description": "Description 10",
	"DescriptionLanguage": "DescriptionLanguage 10",
	"SupplierID": "BusinessPartnerID 10",
	"SupplierName": "SupplierName 10",
	"TaxTarifCode": 8,
	"MeasureUnit": "MeasureUnit 10",
	"WeightMeasure": 4212.82,
	"WeightUnit": "WeightUnit 10",
	"CurrencyCode": "CurrencyCode 10",
	"Price": 2621.15,
	"Width": 4078.77,
	"Depth": 9244.63,
	"Height": 6336.84,
	"DimUnit": "DimUnit 10",
	"CreatedAt": "/Date(1008795926000)/",
	"ChangedAt": "/Date(1335042326000)/",
	"__metadata": {
		"uri": "ProductSet('ProductID%2010')",
		"type": "GWSAMPLE_BASIC.Product"
	},
	"ToSalesOrderLineItems": {
		"__deferred": {
			"uri": "ProductSet('ProductID%2010')/ToSalesOrderLineItems"
		}
	},
	"ToSupplier": {
		"__deferred": {
			"uri": "ProductSet('ProductID%2010')/ToSupplier"
		}
	}
}]