<edmx:Edmx xmlns:edmx="http://schemas.microsoft.com/ado/2007/06/edmx"
	xmlns:m="http://schemas.microsoft.com/ado/2007/08/dataservices/metadata" xmlns:sap="http://www.sap.com/Protocols/SAPData" Version="1.0">
	<edmx:Reference xmlns:edmx="http://docs.oasis-open.org/odata/ns/edmx"
		Uri="https://dev.s4.ovly:80/sap/opu/odata/IWFND/CATALOGSERVICE;v=2/Vocabularies(TechnicalName='%2FIWBEP%2FVOC_COMMON',Version='0001',SAP__Origin='LOCAL')/$value"><edmx:Include Namespace="com.sap.vocabularies.Common.v1" Alias="Common"/></edmx:Reference>
	<edmx:Reference xmlns:edmx="http://docs.oasis-open.org/odata/ns/edmx"
		Uri="https://dev.s4.ovly:80/sap/opu/odata/IWFND/CATALOGSERVICE;v=2/Vocabularies(TechnicalName='%2FIWBEP%2FVOC_CAPABILITIES',Version='0001',SAP__Origin='LOCAL')/$value"><edmx:Include Namespace="Org.OData.Capabilities.V1" Alias="Capabilities"/></edmx:Reference>
	<edmx:Reference xmlns:edmx="http://docs.oasis-open.org/odata/ns/edmx"
		Uri="https://dev.s4.ovly:80/sap/opu/odata/IWFND/CATALOGSERVICE;v=2/Vocabularies(TechnicalName='%2FIWBEP%2FVOC_COMMUNICATION',Version='0001',SAP__Origin='LOCAL')/$value"><edmx:Include Namespace="com.sap.vocabularies.Communication.v1" Alias="Communication"/></edmx:Reference>
	<edmx:DataServices m:DataServiceVersion="2.0">
		<Schema xmlns="http://schemas.microsoft.com/ado/2008/09/edm" Namespace="ZT46_24_SALES_OVP_SRV" xml:lang="en" sap:schema-version="1">
			<EntityType Name="ZT46_24_CATEGORIESType" sap:label="Categorias de Produtos" sap:content-version="1">
				<Key><PropertyRef Name="category"/></Key><Property Name="category" Type="Edm.String" Nullable="false" MaxLength="40" sap:label="Category" sap:quickinfo="EPM: Product Category"/><Property Name="main_category" Type="Edm.String" MaxLength="40" sap:label="Main Category" sap:quickinfo="EPM: Product Main Category"/></EntityType>
			<EntityType Name="ZT46_24_SALESOVP_CATEGORYType" sap:semantics="aggregate" sap:label="Total de venda por categoria" sap:content-version="1">
				<Key><PropertyRef Name="ID"/></Key><Property Name="ID" Type="Edm.String" Nullable="false" sap:sortable="false" sap:filterable="false"/><Property Name="category" Type="Edm.String" MaxLength="40" sap:aggregation-role="dimension" sap:label="Category"
					sap:quickinfo="EPM: Product Category"/><Property Name="gross_usd" Type="Edm.Decimal" Precision="20" Scale="3" sap:aggregation-role="measure" sap:unit="currency"
					sap:label="Sales Volume" sap:quickinfo="Net Value of Invoiced Sales" sap:filterable="false"/><Property Name="currency" Type="Edm.String" MaxLength="5" sap:aggregation-role="dimension" sap:semantics="currency-code"/></EntityType>
			<EntityType Name="ZT46_24_SALESOVP_FILTERType" sap:label="Filtro" sap:content-version="1">
				<Key><PropertyRef Name="so_key"/></Key><Property Name="so_key" Type="Edm.Guid" Nullable="false" sap:label="Node Key" sap:quickinfo="EPM: Generic Node Key"/><Property Name="category" Type="Edm.String" MaxLength="40" sap:label="Category" sap:quickinfo="EPM: Product Category"/></EntityType>
			<EntityType Name="ZT46_24_SALESOVP_PRODUCTType" sap:label="Total de venda por produto" sap:content-version="1">
				<Key><PropertyRef Name="product"/></Key><Property Name="product" Type="Edm.Guid" Nullable="false" sap:label="Node Key" sap:quickinfo="EPM: Generic Node Key"/><Property Name="code" Type="Edm.String" MaxLength="10" sap:display-format="UpperCase" sap:label="Product ID" sap:quickinfo="EPM: Product ID"/><Property Name="product_name" Type="Edm.String" MaxLength="255" sap:label="Description"
					sap:quickinfo="EPM: Text field for names and descriptions"/><Property Name="category" Type="Edm.String" MaxLength="40" sap:label="Category" sap:quickinfo="EPM: Product Category"/><Property Name="created_date" Type="Edm.DateTime" Precision="0" sap:display-format="Date"/><Property Name="gross_usd" Type="Edm.Decimal" Precision="16" Scale="3" sap:unit="currency"/><Property Name="currency" Type="Edm.String" MaxLength="5" sap:semantics="currency-code"/></EntityType>
			<EntityContainer Name="ZT46_24_SALES_OVP_SRV_Entities" m:IsDefaultEntityContainer="true" sap:supported-formats="atom json xlsx"><EntitySet Name="ZT46_24_CATEGORIES" EntityType="ZT46_24_SALES_OVP_SRV.ZT46_24_CATEGORIESType" sap:creatable="false" sap:updatable="false"
				sap:deletable="false" sap:content-version="1"/><EntitySet Name="ZT46_24_SALESOVP_CATEGORY" EntityType="ZT46_24_SALES_OVP_SRV.ZT46_24_SALESOVP_CATEGORYType" sap:creatable="false"
				sap:updatable="false" sap:deletable="false" sap:content-version="1"/><EntitySet Name="ZT46_24_SALESOVP_FILTER" EntityType="ZT46_24_SALES_OVP_SRV.ZT46_24_SALESOVP_FILTERType" sap:creatable="false"
				sap:updatable="false" sap:deletable="false" sap:content-version="1"/><EntitySet Name="ZT46_24_SALESOVP_PRODUCT" EntityType="ZT46_24_SALES_OVP_SRV.ZT46_24_SALESOVP_PRODUCTType" sap:creatable="false"
				sap:updatable="false" sap:deletable="false" sap:content-version="1"/></EntityContainer>
			<Annotations xmlns="http://docs.oasis-open.org/odata/ns/edm"
				Target="ZT46_24_SALES_OVP_SRV.ZT46_24_SALES_OVP_SRV_Entities/ZT46_24_SALESOVP_CATEGORY">
				<Annotation Term="Capabilities.FilterRestrictions">
					<Record>
						<PropertyValue Property="NonFilterableProperties">
							<Collection>
								<PropertyPath>ID</PropertyPath>
								<PropertyPath>gross_usd</PropertyPath>
							</Collection>
						</PropertyValue>
					</Record>
				</Annotation>
				<Annotation Term="Capabilities.SortRestrictions">
					<Record>
						<PropertyValue Property="NonSortableProperties">
							<Collection>
								<PropertyPath>ID</PropertyPath>
							</Collection>
						</PropertyValue>
					</Record>
				</Annotation>
			</Annotations><atom:link xmlns:atom="http://www.w3.org/2005/Atom" rel="self"
				href="https://dev.s4.ovly:80/sap/opu/odata/sap/ZT46_24_SALES_OVP_SRV/$metadata"/><atom:link xmlns:atom="http://www.w3.org/2005/Atom" rel="latest-version"
				href="https://dev.s4.ovly:80/sap/opu/odata/sap/ZT46_24_SALES_OVP_SRV/$metadata"/></Schema>
	</edmx:DataServices>
</edmx:Edmx>