<edmx:Edmx xmlns:edmx="http://docs.oasis-open.org/odata/ns/edmx" Version="4.0">
	<edmx:Reference Uri="../../catalogservice;v=2/Vocabularies(TechnicalName='%2FIWBEP%2FVOC_COMMON',Version='0001',SAP__Origin='LOCAL')/$value"><edmx:Include Namespace="com.sap.vocabularies.Common.v1" Alias="Common"/></edmx:Reference>
	<edmx:Reference Uri="../../catalogservice;v=2/Vocabularies(TechnicalName='%2FIWBEP%2FVOC_UI',Version='0001',SAP__Origin='LOCAL')/$value"><edmx:Include Namespace="com.sap.vocabularies.UI.v1" Alias="UI"/></edmx:Reference>
	<edmx:Reference
		Uri="../../catalogservice;v=2/Vocabularies(TechnicalName='%2FIWBEP%2FVOC_COMMUNICATION',Version='0001',SAP__Origin='LOCAL')/$value"><edmx:Include Namespace="com.sap.vocabularies.Communication.v1" Alias="Communication"/></edmx:Reference>
	<edmx:Reference Uri="../../../sap/zt46_24_sales_ovp_srv/$metadata"><edmx:Include Namespace="ZT46_24_SALES_OVP_SRV" Alias="SAP"/></edmx:Reference>
	<edmx:DataServices>
		<Schema xmlns="http://docs.oasis-open.org/odata/ns/edm" Namespace="zt46_24_sales_ovp_anno_mdl.v1">
			<Annotations Target="ZT46_24_SALES_OVP_SRV.ZT46_24_CATEGORIESType">
				<Annotation Term="UI.SelectionFields">
					<Collection>
						<PropertyPath>category</PropertyPath>
					</Collection>
				</Annotation>
			</Annotations>
			<Annotations Target="ZT46_24_SALES_OVP_SRV.ZT46_24_SALESOVP_CATEGORYType/ID"><Annotation Term="UI.Hidden"/></Annotations>
			<Annotations Target="ZT46_24_SALES_OVP_SRV.ZT46_24_SALESOVP_CATEGORYType">
				<Annotation Term="UI.Chart">
					<Record Type="UI.ChartDefinitionType"><PropertyValue Property="ChartType" EnumMember="UI.ChartType/Donut"/>
						<PropertyValue Property="Dimensions">
							<Collection>
								<PropertyPath>category</PropertyPath>
							</Collection>
						</PropertyValue>
						<PropertyValue Property="DimensionAttributes">
							<Collection>
								<Record Type="UI.ChartDimensionAttributeType"><PropertyValue Property="Dimension" PropertyPath="category"/><PropertyValue Property="Role" EnumMember="UI.ChartDimensionRoleType/Category"/></Record>
							</Collection>
						</PropertyValue>
						<PropertyValue Property="Measures">
							<Collection>
								<PropertyPath>gross_usd</PropertyPath>
							</Collection>
						</PropertyValue>
						<PropertyValue Property="MeasureAttributes">
							<Collection>
								<Record Type="UI.ChartMeasureAttributeType"><PropertyValue Property="Measure" PropertyPath="gross_usd"/><PropertyValue Property="Role" EnumMember="UI.ChartMeasureRoleType/Axis1"/></Record>
							</Collection>
						</PropertyValue>
					</Record>
				</Annotation>
				<Annotation Term="UI.LineItem">
					<Collection>
						<Record Type="UI.DataField"><PropertyValue Property="Value" Path="category"/></Record>
						<Record Type="UI.DataFieldForAnnotation"><PropertyValue Property="Target" AnnotationPath="@UI.DataPoint#gross_usd"/></Record>
					</Collection>
				</Annotation>
				<Annotation Term="UI.PresentationVariant">
					<Record>
						<PropertyValue Property="SortOrder">
							<Collection>
								<Record Type="Common.SortOrderType"><PropertyValue Property="Property" PropertyPath="gross_usd"/><PropertyValue Property="Descending" Bool="true"/></Record>
							</Collection>
						</PropertyValue>
						<PropertyValue Property="GroupBy">
							<Collection>
								<PropertyPath>category</PropertyPath>
							</Collection>
						</PropertyValue>
					</Record>
				</Annotation>
				<Annotation Term="UI.SelectionFields">
					<Collection>
						<PropertyPath>category</PropertyPath>
					</Collection>
				</Annotation>
			</Annotations>
			<Annotations Target="ZT46_24_SALES_OVP_SRV.ZT46_24_SALESOVP_FILTERType">
				<Annotation Term="UI.SelectionFields">
					<Collection>
						<PropertyPath>category</PropertyPath>
					</Collection>
				</Annotation>
			</Annotations>
			<Annotations Target="ZT46_24_SALES_OVP_SRV.ZT46_24_SALESOVP_PRODUCTType">
				<Annotation Term="UI.LineItem">
					<Collection>
						<Record Type="UI.DataField"><PropertyValue Property="Value" Path="code"/></Record>
						<Record Type="UI.DataField"><PropertyValue Property="Value" Path="product_name"/></Record>
						<Record Type="UI.DataField"><PropertyValue Property="Value" Path="gross_usd"/></Record>
					</Collection>
				</Annotation>
				<Annotation Term="UI.LineItem">
					<Collection>
						<Record Type="UI.DataField"><PropertyValue Property="Value" Path="code"/></Record>
						<Record Type="UI.DataField"><PropertyValue Property="Value" Path="product_name"/></Record>
						<Record Type="UI.DataField"><PropertyValue Property="Value" Path="gross_usd"/></Record>
					</Collection>
				</Annotation>
			</Annotations>
		</Schema>
	</edmx:DataServices>
</edmx:Edmx>