[
	{
		"Product": "HT-1000",
		"ProductUUID": "0050568c-901d-1ed7-8de0-7a4727d740f5",
		"ProductName": "Notebook Basic 15",
		"ProductDescription": "Notebook Basic 15 with 2,80 GHz quad core, 15\" LCD, 4 GB DDR3 RAM, 500 GB Hard Disc, Windows 8 Pro",
		"Price": "956.00",
		"Currency": "USD",
		"ProductPictureURL": "../localService/mockdata/images/HT-1000.jpg",
		"AverageRatingValue": "3.67",
		"NumberOfReviewPosts": 3,
		"PO": ""
	},
	{
		"Product": "HT-1001",
		"ProductUUID": "0050568c-901d-1ed7-8de0-7a4727d760f5",
		"ProductName": "Notebook Basic 17",
		"ProductDescription": "Notebook Basic 17 with 2,80 GHz quad core, 17\" LCD, 4 GB DDR3 RAM, 500 GB Hard Disc, Windows 8 Pro",
		"Price": "1249.00",
		"Currency": "USD",
		"ProductPictureURL": "../localService/mockdata/images/HT-1001.jpg",
		"AverageRatingValue": "2.71",
		"NumberOfReviewPosts": 7,
		"PO": ""
	},
	{
		"Product": "HT-1002",
		"ProductUUID": "0050568c-901d-1ed7-8de0-7a4727d780f5",
		"ProductName": "Notebook Basic 18",
		"ProductDescription": "Notebook Basic 18 with 2,80 GHz quad core, 18\" LCD, 8 GB DDR3 RAM, 1000 GB Hard Disc, Windows 8 Pro",
		"Price": "1570.00",
		"Currency": "USD",
		"ProductPictureURL": "../localService/mockdata/images/HT-1002.jpg",
		"AverageRatingValue": "2.93",
		"NumberOfReviewPosts": 15,
		"PO": ""
	},
	{
		"Product": "HT-1003",
		"ProductUUID": "0050568c-901d-1ed7-8de0-7a4727d7a0f5",
		"ProductName": "Notebook Basic 19",
		"ProductDescription": "Notebook Basic 19 with 2,80 GHz quad core, 19\" LCD, 8 GB DDR3 RAM, 1000 GB Hard Disc, Windows 8 Pro",
		"Price": "1650.00",
		"Currency": "USD",
		"ProductPictureURL": "../localService/mockdata/images/HT-1003.jpg",
		"AverageRatingValue": "3.11",
		"NumberOfReviewPosts": 9,
		"PO": ""
	},
	{
		"Product": "HT-1007",
		"ProductUUID": "0050568c-901d-1ed7-8de0-7a4727d7c0f5",
		"ProductName": "ITelO Vault",
		"ProductDescription": "Digital Organizer with State-of-the-Art Storage Encryption",
		"Price": "299.00",
		"Currency": "USD",
		"ProductPictureURL": "../localService/mockdata/images/HT-1007.jpg",
		"AverageRatingValue": "2.64",
		"NumberOfReviewPosts": 11,
		"PO": ""
	},
	{
		"Product": "HT-1010",
		"ProductUUID": "0050568c-901d-1ed7-8de0-7a4727d7e0f5",
		"ProductName": "Notebook Professional 15",
		"ProductDescription": "Notebook Professional 15 with 2,80 GHz quad core, 15\" Multitouch LCD, 8 GB DDR3 RAM, 500 GB SSD - DVD-Writer (DVD-R/+R/-RW/-RAM),Windows 8 Pro",
		"Price": "1999.00",
		"Currency": "USD",
		"ProductPictureURL": "../localService/mockdata/images/HT-1010.jpg",
		"AverageRatingValue": "2.17",
		"NumberOfReviewPosts": 6,
		"PO": ""
	},
	{
		"Product": "HT-1011",
		"ProductUUID": "0050568c-901d-1ed7-8de0-7a4727d800f5",
		"ProductName": "Notebook Professional 17",
		"ProductDescription": "Notebook Professional 17 with 2,80 GHz quad core, 17\" Multitouch LCD, 8 GB DDR3 RAM, 500 GB SSD - DVD-Writer (DVD-R/+R/-RW/-RAM),Windows 8 Pro",
		"Price": "2299.00",
		"Currency": "USD",
		"ProductPictureURL": "../localService/mockdata/images/HT-1011.jpg",
		"AverageRatingValue": "3.08",
		"NumberOfReviewPosts": 12,
		"PO": ""
	},
	{
		"Product": "HT-1020",
		"ProductUUID": "0050568c-901d-1ed7-8de0-7a4727d820f5",
		"ProductName": "ITelO Vault Net",
		"ProductDescription": "Digital Organizer with State-of-the-Art Encryption for Storage and Network Communications",
		"Price": "459.00",
		"Currency": "USD",
		"ProductPictureURL": "../localService/mockdata/images/HT-1020.jpg",
		"AverageRatingValue": "5.00",
		"NumberOfReviewPosts": 1,
		"PO": ""
	},
	{
		"Product": "HT-1021",
		"ProductUUID": "0050568c-901d-1ed7-8de0-7a4727d840f5",
		"ProductName": "ITelO Vault SAT",
		"ProductDescription": "Digital Organizer with State-of-the-Art Encryption for Storage and Secure Stellite Link",
		"Price": "149.00",
		"Currency": "USD",
		"ProductPictureURL": "../localService/mockdata/images/HT-1021.jpg",
		"AverageRatingValue": "3.00",
		"NumberOfReviewPosts": 6,
		"PO": ""
	},
	{
		"Product": "HT-1022",
		"ProductUUID": "0050568c-901d-1ed7-8de0-7a4727d860f5",
		"ProductName": "Comfort Easy",
		"ProductDescription": "32 GB Digital Assistant with high-resolution color screen",
		"Price": "1679.00",
		"Currency": "USD",
		"ProductPictureURL": "../localService/mockdata/images/HT-1022.jpg",
		"AverageRatingValue": "3.75",
		"NumberOfReviewPosts": 4,
		"PO": ""
	},
	{
		"Product": "HT-1023",
		"ProductUUID": "0050568c-901d-1ed7-8de0-7a4727d880f5",
		"ProductName": "Comfort Senior",
		"ProductDescription": "64 GB Digital Assistant with high-resolution color screen and synthesized voice output",
		"Price": "512.00",
		"Currency": "USD",
		"ProductPictureURL": "../localService/mockdata/images/HT-1023.jpg",
		"AverageRatingValue": "3.50",
		"NumberOfReviewPosts": 2,
		"PO": ""
	},
	{
		"Product": "HT-1030",
		"ProductUUID": "0050568c-901d-1ed7-8de0-7a4727d8a0f5",
		"ProductName": "Ergo Screen E-I",
		"ProductDescription": "Optimum Hi-Resolution max. 1920 x 1080 @ 85Hz, Dot Pitch: 0.27mm",
		"Price": "230.00",
		"Currency": "USD",
		"ProductPictureURL": "../localService/mockdata/images/HT-1030.jpg",
		"AverageRatingValue": "2.67",
		"NumberOfReviewPosts": 15,
		"PO": ""
	},
	{
		"Product": "HT-1031",
		"ProductUUID": "0050568c-901d-1ed7-8de0-7a4727d8c0f5",
		"ProductName": "Ergo Screen E-II",
		"ProductDescription": "Optimum Hi-Resolution max. 1920 x 1200 @ 85Hz, Dot Pitch: 0.26mm",
		"Price": "285.00",
		"Currency": "USD",
		"ProductPictureURL": "../localService/mockdata/images/HT-1031.jpg",
		"AverageRatingValue": "3.17",
		"NumberOfReviewPosts": 12,
		"PO": ""
	},
	{
		"Product": "HT-1032",
		"ProductUUID": "0050568c-901d-1ed7-8de0-7a4727d8e0f5",
		"ProductName": "Ergo Screen E-III",
		"ProductDescription": "Optimum Hi-Resolution max. 2560 x 1440 @ 85Hz, Dot Pitch: 0.25mm",
		"Price": "345.00",
		"Currency": "USD",
		"ProductPictureURL": "../localService/mockdata/images/HT-1032.jpg",
		"AverageRatingValue": "2.67",
		"NumberOfReviewPosts": 12,
		"PO": ""
	},
	{
		"Product": "HT-1035",
		"ProductUUID": "0050568c-901d-1ed7-8de0-7a4727d900f5",
		"ProductName": "Flat Basic",
		"ProductDescription": "Optimum Hi-Resolution max. 1600 x 1200 @ 85Hz, Dot Pitch: 0.24mm",
		"Price": "399.00",
		"Currency": "USD",
		"ProductPictureURL": "../localService/mockdata/images/HT-1035.jpg",
		"AverageRatingValue": "2.50",
		"NumberOfReviewPosts": 2,
		"PO": ""
	},
	{
		"Product": "HT-1036",
		"ProductUUID": "0050568c-901d-1ed7-8de0-7a4727d920f5",
		"ProductName": "Flat Future",
		"ProductDescription": "Optimum Hi-Resolution max. 2048 x 1080 @ 85Hz, Dot Pitch: 0.26mm",
		"Price": "430.00",
		"Currency": "USD",
		"ProductPictureURL": "../localService/mockdata/images/HT-1036.jpg",
		"AverageRatingValue": "3.00",
		"NumberOfReviewPosts": 2,
		"PO": ""
	},
	{
		"Product": "HT-1037",
		"ProductUUID": "0050568c-901d-1ed7-8de0-7a4727d940f5",
		"ProductName": "Flat XL",
		"ProductDescription": "Optimum Hi-Resolution max. 2016 x 1512 @ 85Hz, Dot Pitch: 0.24mm",
		"Price": "1230.00",
		"Currency": "USD",
		"ProductPictureURL": "../localService/mockdata/images/HT-1037.jpg",
		"AverageRatingValue": "3.64",
		"NumberOfReviewPosts": 11,
		"PO": ""
	},
	{
		"Product": "HT-1040",
		"ProductUUID": "0050568c-901d-1ed7-8de0-7a4727d960f5",
		"ProductName": "Laser Professional Eco",
		"ProductDescription": "Print 2400 dpi image quality color documents at speeds of up to 32 ppm (color) or 36 ppm (monochrome), letter/A4. Powerful 500 MHz processor, 512MB of memory",
		"Price": "830.00",
		"Currency": "USD",
		"ProductPictureURL": "../localService/mockdata/images/HT-1040.jpg",
		"AverageRatingValue": "3.00",
		"NumberOfReviewPosts": 12,
		"PO": ""
	},
	{
		"Product": "HT-1041",
		"ProductUUID": "0050568c-901d-1ed7-8de0-7a4727d980f5",
		"ProductName": "Laser Basic",
		"ProductDescription": "Up to 22 ppm color or 24 ppm monochrome A4/letter, powerful 500 MHz processor and 128MB of memory",
		"Price": "490.00",
		"Currency": "USD",
		"ProductPictureURL": "../localService/mockdata/images/HT-1041.jpg",
		"AverageRatingValue": "2.93",
		"NumberOfReviewPosts": 14,
		"PO": ""
	},
	{
		"Product": "HT-1042",
		"ProductUUID": "0050568c-901d-1ed7-8de0-7a4727d9a0f5",
		"ProductName": "Laser Allround",
		"ProductDescription": "Print up to 25 ppm letter and 24 ppm A4 color or monochrome, with a first-page-out-time of less than 13 seconds for monochrome and less than 15 seconds for color",
		"Price": "349.00",
		"Currency": "USD",
		"ProductPictureURL": "../localService/mockdata/images/HT-1042.jpg",
		"AverageRatingValue": "3.25",
		"NumberOfReviewPosts": 4,
		"PO": ""
	},
	{
		"Product": "HT-1050",
		"ProductUUID": "0050568c-901d-1ed7-8de0-7a4727d9c0f5",
		"ProductName": "Ultra Jet Super Color",
		"ProductDescription": "4800 dpi x 1200 dpi - up to 35 ppm (mono) / up to 34 ppm (color) - capacity: 250 sheets - Hi-Speed USB, Ethernet",
		"Price": "139.00",
		"Currency": "USD",
		"ProductPictureURL": "../localService/mockdata/images/HT-1050.jpg",
		"AverageRatingValue": "1.86",
		"NumberOfReviewPosts": 7,
		"PO": ""
	},
	{
		"Product": "HT-1051",
		"ProductUUID": "0050568c-901d-1ed7-8de0-7a4727d9e0f5",
		"ProductName": "Ultra Jet Mobile",
		"ProductDescription": "1000 dpi x 1000 dpi - up to 35 ppm (mono) / up to 34 ppm (color) - capacity: 250 sheets - Hi-Speed USB - excellent dimensions for the small office",
		"Price": "99.00",
		"Currency": "USD",
		"ProductPictureURL": "../localService/mockdata/images/HT-1051.jpg",
		"AverageRatingValue": "3.00",
		"NumberOfReviewPosts": 15,
		"PO": ""
	},
	{
		"Product": "HT-1052",
		"ProductUUID": "0050568c-901d-1ed7-8de0-7a4727da00f5",
		"ProductName": "Ultra Jet Super Highspeed",
		"ProductDescription": "4800 dpi x 1200 dpi - up to 35 ppm (mono) / up to 34 ppm (color) - capacity: 250 sheets - Hi-Speed USB2.0, Ethernet",
		"Price": "170.00",
		"Currency": "USD",
		"ProductPictureURL": "../localService/mockdata/images/HT-1052.jpg",
		"AverageRatingValue": "2.00",
		"NumberOfReviewPosts": 5,
		"PO": ""
	},
	{
		"Product": "HT-1055",
		"ProductUUID": "0050568c-901d-1ed7-8de0-7a4727da20f5",
		"ProductName": "Multi Print",
		"ProductDescription": "1000 dpi x 1000 dpi - up to 16 ppm (mono) / up to 15 ppm (color)- capacity 80 sheets - scanner (216 x 297 mm, 1200dpi x 2400dpi)",
		"Price": "99.00",
		"Currency": "USD",
		"ProductPictureURL": "../localService/mockdata/images/HT-1055.jpg",
		"AverageRatingValue": "4.00",
		"NumberOfReviewPosts": 1,
		"PO": ""
	},
	{
		"Product": "HT-1056",
		"ProductUUID": "0050568c-901d-1ed7-8de0-7a4727da40f5",
		"ProductName": "Multi Color",
		"ProductDescription": "1200 dpi x 1200 dpi - up to 25 ppm (mono) / up to 24 ppm (color)- capacity 80 sheets - scanner (216 x 297 mm, 2400dpi x 4800dpi, high resolution)",
		"Price": "119.00",
		"Currency": "USD",
		"ProductPictureURL": "../localService/mockdata/images/HT-1056.jpg",
		"AverageRatingValue": "3.50",
		"NumberOfReviewPosts": 10,
		"PO": ""
	},
	{
		"Product": "HT-1060",
		"ProductUUID": "0050568c-901d-1ed7-8de0-7a4727da60f5",
		"ProductName": "Cordless Mouse",
		"ProductDescription": "Cordless Optical USB Mice, Laptop, Color: Black, Plug&Play",
		"Price": "9.00",
		"Currency": "USD",
		"ProductPictureURL": "../localService/mockdata/images/HT-1060.jpg",
		"AverageRatingValue": "3.90",
		"NumberOfReviewPosts": 10,
		"PO": ""
	},
	{
		"Product": "HT-1061",
		"ProductUUID": "0050568c-901d-1ed7-8de0-7a4727da80f5",
		"ProductName": "Speed Mouse",
		"ProductDescription": "Optical USB, PS/2 Mouse, Color: Blue, 3-button-functionality (incl. Scroll wheel)",
		"Price": "7.00",
		"Currency": "USD",
		"ProductPictureURL": "../localService/mockdata/images/HT-1061.jpg",
		"AverageRatingValue": "2.42",
		"NumberOfReviewPosts": 12,
		"PO": ""
	},
	{
		"Product": "HT-1062",
		"ProductUUID": "0050568c-901d-1ed7-8de0-7a4727daa0f5",
		"ProductName": "Track Mouse",
		"ProductDescription": "Optical USB Mouse, Color: Red, 5-button-functionality(incl. Scroll wheel), Plug&Play",
		"Price": "11.00",
		"Currency": "USD",
		"ProductPictureURL": "../localService/mockdata/images/HT-1062.jpg",
		"AverageRatingValue": "2.14",
		"NumberOfReviewPosts": 7,
		"PO": ""
	},
	{
		"Product": "HT-1063",
		"ProductUUID": "0050568c-901d-1ed7-8de0-7a4727dac0f5",
		"ProductName": "Ergonomic Keyboard",
		"ProductDescription": "Ergonomic USB Keyboard for Desktop, Plug&Play",
		"Price": "14.00",
		"Currency": "USD",
		"ProductPictureURL": "../localService/mockdata/images/HT-1063.jpg",
		"AverageRatingValue": "3.64",
		"NumberOfReviewPosts": 14,
		"PO": ""
	},
	{
		"Product": "HT-1064",
		"ProductUUID": "0050568c-901d-1ed7-8de0-7a4727dae0f5",
		"ProductName": "Internet Keyboard",
		"ProductDescription": "Corded Keyboard with special keys for Internet Usability, USB",
		"Price": "16.00",
		"Currency": "USD",
		"ProductPictureURL": "../localService/mockdata/images/HT-1064.jpg",
		"AverageRatingValue": "2.56",
		"NumberOfReviewPosts": 9,
		"PO": ""
	},
	{
		"Product": "HT-1065",
		"ProductUUID": "0050568c-901d-1ed7-8de0-7a4727db00f5",
		"ProductName": "Media Keyboard",
		"ProductDescription": "Corded Ergonomic Keyboard with special keys for Media Usability, USB",
		"Price": "26.00",
		"Currency": "USD",
		"ProductPictureURL": "../localService/mockdata/images/HT-1065.jpg",
		"AverageRatingValue": "3.42",
		"NumberOfReviewPosts": 12,
		"PO": ""
	},
	{
		"Product": "HT-1066",
		"ProductUUID": "0050568c-901d-1ed7-8de0-7a4727db20f5",
		"ProductName": "Mousepad",
		"ProductDescription": "Nice mouse pad with ITelO Logo",
		"Price": "6.99",
		"Currency": "USD",
		"ProductPictureURL": "../localService/mockdata/images/HT-1066.jpg",
		"AverageRatingValue": "2.00",
		"NumberOfReviewPosts": 6,
		"PO": ""
	},
	{
		"Product": "HT-1067",
		"ProductUUID": "0050568c-901d-1ed7-8de0-7a4727db40f5",
		"ProductName": "Ergo Mousepad",
		"ProductDescription": "Ergonomic mouse pad with ITelO Logo",
		"Price": "8.99",
		"Currency": "USD",
		"ProductPictureURL": "../localService/mockdata/images/HT-1067.jpg",
		"AverageRatingValue": "2.38",
		"NumberOfReviewPosts": 13,
		"PO": ""
	},
	{
		"Product": "HT-1068",
		"ProductUUID": "0050568c-901d-1ed7-8de0-7a4727db60f5",
		"ProductName": "Designer Mousepad",
		"ProductDescription": "ITelO Mousepad Special Edition",
		"Price": "12.99",
		"Currency": "USD",
		"ProductPictureURL": "../localService/mockdata/images/HT-1068.jpg",
		"AverageRatingValue": "2.67",
		"NumberOfReviewPosts": 3,
		"PO": ""
	},
	{
		"Product": "HT-1069",
		"ProductUUID": "0050568c-901d-1ed7-8de0-7a4727db80f5",
		"ProductName": "Universal card reader",
		"ProductDescription": "Universal card reader",
		"Price": "14.00",
		"Currency": "USD",
		"ProductPictureURL": "../localService/mockdata/images/HT-1069.jpg",
		"AverageRatingValue": "3.07",
		"NumberOfReviewPosts": 14,
		"PO": ""
	},
	{
		"Product": "HT-1070",
		"ProductUUID": "0050568c-901d-1ed7-8de0-7a4727dba0f5",
		"ProductName": "Proctra X",
		"ProductDescription": "Proctra X: PCI-E GDDR5 3072MB",
		"Price": "70.90",
		"Currency": "USD",
		"ProductPictureURL": "../localService/mockdata/images/HT-1070.jpg",
		"AverageRatingValue": "3.43",
		"NumberOfReviewPosts": 14,
		"PO": ""
	},
	{
		"Product": "HT-1071",
		"ProductUUID": "0050568c-901d-1ed7-8de0-7a4727dbc0f5",
		"ProductName": "Gladiator MX",
		"ProductDescription": "Gladiator XLN: PCI-E GDDR5 3072MB DVI Out, TV Out low-noise",
		"Price": "81.70",
		"Currency": "USD",
		"ProductPictureURL": "../localService/mockdata/images/HT-1071.jpg",
		"AverageRatingValue": "3.38",
		"NumberOfReviewPosts": 8,
		"PO": ""
	},
	{
		"Product": "HT-1072",
		"ProductUUID": "0050568c-901d-1ed7-8de0-7a4727dbe0f5",
		"ProductName": "Hurricane GX",
		"ProductDescription": "Hurricane GX: PCI-E 691 GFLOPS game-optimized",
		"Price": "101.20",
		"Currency": "USD",
		"ProductPictureURL": "../localService/mockdata/images/HT-1072.jpg",
		"AverageRatingValue": "2.86",
		"NumberOfReviewPosts": 7,
		"PO": ""
	},
	{
		"Product": "HT-1073",
		"ProductUUID": "0050568c-901d-1ed7-8de0-7a4727dc00f5",
		"ProductName": "Hurricane GX/LN",
		"ProductDescription": "Hurricane GX/LN: PCI-E 691 GFLOPS game-optimized, low-noise.",
		"Price": "139.99",
		"Currency": "USD",
		"ProductPictureURL": "../localService/mockdata/images/HT-1073.jpg",
		"AverageRatingValue": "3.00",
		"NumberOfReviewPosts": 1,
		"PO": ""
	},
	{
		"Product": "HT-1080",
		"ProductUUID": "0050568c-901d-1ed7-8de0-7a4727dc20f5",
		"ProductName": "Photo Scan",
		"ProductDescription": "Flatbed scanner - 9.600 × 9.600 dpi - 216 x 297 mm - Hi-Speed USB - Bluetooth",
		"Price": "129.00",
		"Currency": "USD",
		"ProductPictureURL": "../localService/mockdata/images/HT-1080.jpg",
		"AverageRatingValue": "3.46",
		"NumberOfReviewPosts": 13,
		"PO": ""
	},
	{
		"Product": "HT-1081",
		"ProductUUID": "0050568c-901d-1ed7-8de0-7a4727dc40f5",
		"ProductName": "Power Scan",
		"ProductDescription": "Flatbed scanner - 9.600 × 9.600 dpi - 216 x 297 mm - SCSI for backward compatibility",
		"Price": "89.00",
		"Currency": "USD",
		"ProductPictureURL": "../localService/mockdata/images/HT-1081.jpg",
		"AverageRatingValue": "2.75",
		"NumberOfReviewPosts": 8,
		"PO": ""
	},
	{
		"Product": "HT-1082",
		"ProductUUID": "0050568c-901d-1ed7-8de0-7a4727dc60f5",
		"ProductName": "Jet Scan Professional",
		"ProductDescription": "Flatbed scanner - Letter - 2400 dpi x 2400 dpi - 216 x 297 mm - add-on module",
		"Price": "169.00",
		"Currency": "USD",
		"ProductPictureURL": "../localService/mockdata/images/HT-1082.jpg",
		"AverageRatingValue": "2.00",
		"NumberOfReviewPosts": 1,
		"PO": ""
	},
	{
		"Product": "HT-1083",
		"ProductUUID": "0050568c-901d-1ed7-8de0-7a4727dc80f5",
		"ProductName": "Jet Scan Professional",
		"ProductDescription": "Flatbed scanner - A4 - 2400 dpi x 2400 dpi - 216 x 297 mm - add-on module",
		"Price": "189.00",
		"Currency": "USD",
		"ProductPictureURL": "../localService/mockdata/images/HT-1083.jpg",
		"AverageRatingValue": "3.00",
		"NumberOfReviewPosts": 6,
		"PO": ""
	},
	{
		"Product": "HT-1085",
		"ProductUUID": "0050568c-901d-1ed7-8de0-7a4727dca0f5",
		"ProductName": "Copymaster",
		"ProductDescription": "Copymaster",
		"Price": "1499.00",
		"Currency": "USD",
		"ProductPictureURL": "../localService/mockdata/images/HT-1085.jpg",
		"AverageRatingValue": "3.36",
		"NumberOfReviewPosts": 11,
		"PO": ""
	},
	{
		"Product": "HT-1090",
		"ProductUUID": "0050568c-901d-1ed7-8de0-7a4727dcc0f5",
		"ProductName": "Surround Sound",
		"ProductDescription": "PC multimedia speakers - 5 Watt (Total)",
		"Price": "39.00",
		"Currency": "USD",
		"ProductPictureURL": "../localService/mockdata/images/HT-1090.jpg",
		"AverageRatingValue": "2.57",
		"NumberOfReviewPosts": 14,
		"PO": ""
	},
	{
		"Product": "HT-1091",
		"ProductUUID": "0050568c-901d-1ed7-8de0-7a4727dce0f5",
		"ProductName": "Blaster Extreme",
		"ProductDescription": "PC multimedia speakers - 10 Watt (Total) - 2-way",
		"Price": "26.00",
		"Currency": "USD",
		"ProductPictureURL": "../localService/mockdata/images/HT-1091.jpg",
		"AverageRatingValue": "2.43",
		"NumberOfReviewPosts": 7,
		"PO": ""
	},
	{
		"Product": "HT-1092",
		"ProductUUID": "0050568c-901d-1ed7-8de0-7a4727dd00f5",
		"ProductName": "Sound Booster",
		"ProductDescription": "PC multimedia speakers - optimized for Blutooth/A2DP",
		"Price": "45.00",
		"Currency": "USD",
		"ProductPictureURL": "../localService/mockdata/images/HT-1092.jpg",
		"AverageRatingValue": "3.00",
		"NumberOfReviewPosts": 8,
		"PO": ""
	},
	{
		"Product": "HT-1100",
		"ProductUUID": "0050568c-901d-1ed7-8de0-7a4727dd20f5",
		"ProductName": "Smart Office",
		"ProductDescription": "Complete package, 1 User, Office Applications (word processing, spreadsheet, presentations)",
		"Price": "89.90",
		"Currency": "USD",
		"ProductPictureURL": "../localService/mockdata/images/HT-1100.jpg",
		"AverageRatingValue": "3.20",
		"NumberOfReviewPosts": 5,
		"PO": ""
	},
	{
		"Product": "HT-1101",
		"ProductUUID": "0050568c-901d-1ed7-8de0-7a4727dd40f5",
		"ProductName": "Smart Design",
		"ProductDescription": "Complete package, 1 User, Image editing, processing",
		"Price": "79.90",
		"Currency": "USD",
		"ProductPictureURL": "../localService/mockdata/images/HT-1101.jpg",
		"AverageRatingValue": "2.60",
		"NumberOfReviewPosts": 10,
		"PO": ""
	},
	{
		"Product": "HT-1102",
		"ProductUUID": "0050568c-901d-1ed7-8de0-7a4727dd60f5",
		"ProductName": "Smart Network",
		"ProductDescription": "Complete package, 1 User, Network Software Utilities, Useful Applications and Documentation",
		"Price": "69.00",
		"Currency": "USD",
		"ProductPictureURL": "../localService/mockdata/images/HT-1102.jpg",
		"AverageRatingValue": "2.43",
		"NumberOfReviewPosts": 7,
		"PO": ""
	},
	{
		"Product": "HT-1103",
		"ProductUUID": "0050568c-901d-1ed7-8de0-7a4727dd80f5",
		"ProductName": "Smart Multimedia",
		"ProductDescription": "Complete package, 1 User, different Multimedia applications, playing music, watching DVDs, only with this Smart package",
		"Price": "77.00",
		"Currency": "USD",
		"ProductPictureURL": "../localService/mockdata/images/HT-1103.jpg",
		"AverageRatingValue": "3.14",
		"NumberOfReviewPosts": 7,
		"PO": ""
	},
	{
		"Product": "HT-1104",
		"ProductUUID": "0050568c-901d-1ed7-8de0-7a4727dda0f5",
		"ProductName": "Smart Games",
		"ProductDescription": "Complete package, 1 User, various games for amusement, logic, action, jump&run",
		"Price": "55.00",
		"Currency": "USD",
		"ProductPictureURL": "../localService/mockdata/images/HT-1104.jpg",
		"AverageRatingValue": "3.25",
		"NumberOfReviewPosts": 8,
		"PO": ""
	},
	{
		"Product": "HT-1105",
		"ProductUUID": "0050568c-901d-1ed7-8de0-7a4727ddc0f5",
		"ProductName": "Smart Internet Antivirus",
		"ProductDescription": "Complete package, 1 User, highly recommended for internet users as anti-virus protection",
		"Price": "29.00",
		"Currency": "USD",
		"ProductPictureURL": "../localService/mockdata/images/HT-1105.jpg",
		"AverageRatingValue": "3.25",
		"NumberOfReviewPosts": 8,
		"PO": ""
	},
	{
		"Product": "HT-1106",
		"ProductUUID": "0050568c-901d-1ed7-8de0-7a4727dde0f5",
		"ProductName": "Smart Firewall",
		"ProductDescription": "Complete package, 1 User, recommended for internet users, protect your PC against cyber-crime",
		"Price": "34.00",
		"Currency": "USD",
		"ProductPictureURL": "../localService/mockdata/images/HT-1106.jpg",
		"AverageRatingValue": "3.71",
		"NumberOfReviewPosts": 7,
		"PO": ""
	},
	{
		"Product": "HT-1107",
		"ProductUUID": "0050568c-901d-1ed7-8de0-7a4727de00f5",
		"ProductName": "Smart Money",
		"ProductDescription": "Complete package, 1 User, bring your money in your mind, see what you have and what you want",
		"Price": "29.90",
		"Currency": "USD",
		"ProductPictureURL": "../localService/mockdata/images/HT-1107.jpg",
		"AverageRatingValue": "3.21",
		"NumberOfReviewPosts": 14,
		"PO": ""
	},
	{
		"Product": "HT-1110",
		"ProductUUID": "0050568c-901d-1ed7-8de0-7a4727de20f5",
		"ProductName": "PC Lock",
		"ProductDescription": "Robust 3m anti-burglary protection for your laptop computer",
		"Price": "8.90",
		"Currency": "USD",
		"ProductPictureURL": "../localService/mockdata/images/HT-1110.jpg",
		"AverageRatingValue": "2.43",
		"NumberOfReviewPosts": 7,
		"PO": ""
	},
	{
		"Product": "HT-1111",
		"ProductUUID": "0050568c-901d-1ed7-8de0-7a4727de40f5",
		"ProductName": "Notebook Lock",
		"ProductDescription": "Robust 1m anti-burglary protection for your desktop computer",
		"Price": "6.90",
		"Currency": "USD",
		"ProductPictureURL": "../localService/mockdata/images/HT-1111.jpg",
		"AverageRatingValue": "2.29",
		"NumberOfReviewPosts": 7,
		"PO": ""
	},
	{
		"Product": "HT-1112",
		"ProductUUID": "0050568c-901d-1ed7-8de0-7a4727de60f5",
		"ProductName": "Web cam reality",
		"ProductDescription": "Color webcam, color, High-Speed USB",
		"Price": "39.00",
		"Currency": "USD",
		"ProductPictureURL": "../localService/mockdata/images/HT-1112.jpg",
		"AverageRatingValue": "3.67",
		"NumberOfReviewPosts": 9,
		"PO": ""
	},
	{
		"Product": "HT-1113",
		"ProductUUID": "0050568c-901d-1ed7-8de0-7a4727de80f5",
		"ProductName": "Screen clean",
		"ProductDescription": "10 separately packed screen wipes",
		"Price": "2.30",
		"Currency": "USD",
		"ProductPictureURL": "../localService/mockdata/images/HT-1113.jpg",
		"AverageRatingValue": "2.75",
		"NumberOfReviewPosts": 4,
		"PO": ""
	},
	{
		"Product": "HT-1114",
		"ProductUUID": "0050568c-901d-1ed7-8de0-7a4727dea0f5",
		"ProductName": "Fabric bag professional",
		"ProductDescription": "Notebook bag, plenty of room for stationery and writing materials",
		"Price": "31.00",
		"Currency": "USD",
		"ProductPictureURL": "../localService/mockdata/images/HT-1114.jpg",
		"AverageRatingValue": "3.63",
		"NumberOfReviewPosts": 8,
		"PO": ""
	},
	{
		"Product": "HT-1115",
		"ProductUUID": "0050568c-901d-1ed7-8de0-7a4727dec0f5",
		"ProductName": "Wireless DSL Router",
		"ProductDescription": "Wireless DSL Router (available in blue, black and silver)",
		"Price": "49.00",
		"Currency": "USD",
		"ProductPictureURL": "../localService/mockdata/images/HT-1115.jpg",
		"AverageRatingValue": "0.00",
		"NumberOfReviewPosts": 0,
		"PO": ""
	},
	{
		"Product": "HT-1116",
		"ProductUUID": "0050568c-901d-1ed7-8de0-7a4727dee0f5",
		"ProductName": "Wireless DSL Router / Repeater",
		"ProductDescription": "Wireless DSL Router / Repeater (available in blue, black and silver)",
		"Price": "59.00",
		"Currency": "USD",
		"ProductPictureURL": "../localService/mockdata/images/HT-1116.jpg",
		"AverageRatingValue": "3.00",
		"NumberOfReviewPosts": 3,
		"PO": ""
	},
	{
		"Product": "HT-1117",
		"ProductUUID": "0050568c-901d-1ed7-8de0-7a4727df00f5",
		"ProductName": "Wireless DSL Router / Repeater and Print Server",
		"ProductDescription": "Wireless DSL Router / Repeater and Print Server (available in blue, black and silver)",
		"Price": "69.00",
		"Currency": "USD",
		"ProductPictureURL": "../localService/mockdata/images/HT-1117.jpg",
		"AverageRatingValue": "2.27",
		"NumberOfReviewPosts": 15,
		"PO": ""
	},
	{
		"Product": "HT-1118",
		"ProductUUID": "0050568c-901d-1ed7-8de0-7a4727df20f5",
		"ProductName": "USB Stick",
		"ProductDescription": "USB 2.0 High-Speed 64 GB",
		"Price": "35.00",
		"Currency": "USD",
		"ProductPictureURL": "../localService/mockdata/images/HT-1118.jpg",
		"AverageRatingValue": "3.25",
		"NumberOfReviewPosts": 8,
		"PO": ""
	},
	{
		"Product": "HT-1120",
		"ProductUUID": "0050568c-901d-1ed7-8de0-7a4727df40f5",
		"ProductName": "Cordless Bluetooth Keyboard, english international",
		"ProductDescription": "Cordless Bluetooth Keyboard with English keys",
		"Price": "29.00",
		"Currency": "USD",
		"ProductPictureURL": "../localService/mockdata/images/HT-1120.jpg",
		"AverageRatingValue": "3.45",
		"NumberOfReviewPosts": 11,
		"PO": ""
	},
	{
		"Product": "HT-1137",
		"ProductUUID": "0050568c-901d-1ed7-8de0-7a4727df60f5",
		"ProductName": "Flat XXL",
		"ProductDescription": "Optimum Hi-Resolution max. 2048 × 1536 @ 85Hz, Dot Pitch: 0.24mm",
		"Price": "1430.00",
		"Currency": "USD",
		"ProductPictureURL": "../localService/mockdata/images/HT-1137.jpg",
		"AverageRatingValue": "3.88",
		"NumberOfReviewPosts": 8,
		"PO": ""
	},
	{
		"Product": "HT-1138",
		"ProductUUID": "0050568c-901d-1ed7-8de0-7a4727df80f5",
		"ProductName": "Pocket Mouse",
		"ProductDescription": "Portable pocket Mouse with retracting cord",
		"Price": "23.00",
		"Currency": "USD",
		"ProductPictureURL": "../localService/mockdata/images/HT-1138.jpg",
		"AverageRatingValue": "3.33",
		"NumberOfReviewPosts": 6,
		"PO": ""
	},
	{
		"Product": "HT-1210",
		"ProductUUID": "0050568c-901d-1ed7-8de0-7a4727dfa0f5",
		"ProductName": "PC Power Station",
		"ProductDescription": "PC Power Station with 3,4 Ghz quad-core, 32 GB DDR3 SDRAM, feels like a PC, Windows 8 Pro",
		"Price": "2399.00",
		"Currency": "USD",
		"ProductPictureURL": "../localService/mockdata/images/HT-1210.jpg",
		"AverageRatingValue": "4.40",
		"NumberOfReviewPosts": 5,
		"PO": ""
	},
	{
		"Product": "HT-1500",
		"ProductUUID": "0050568c-901d-1ed7-8de0-7a4727dfc0f5",
		"ProductName": "Server Basic",
		"ProductDescription": "Dual socket, quad-core processing server with 1333 MHz Front Side Bus with 10Gb connectivity",
		"Price": "5000.00",
		"Currency": "USD",
		"ProductPictureURL": "../localService/mockdata/images/HT-1500.jpg",
		"AverageRatingValue": "2.00",
		"NumberOfReviewPosts": 5,
		"PO": ""
	},
	{
		"Product": "HT-1501",
		"ProductUUID": "0050568c-901d-1ed7-8de0-7a4727dfe0f5",
		"ProductName": "Server Professional",
		"ProductDescription": "Dual socket, quad-core processing server with 1644 MHz Front Side Bus with 10Gb connectivity",
		"Price": "15000.00",
		"Currency": "USD",
		"ProductPictureURL": "../localService/mockdata/images/HT-1501.jpg",
		"AverageRatingValue": "2.38",
		"NumberOfReviewPosts": 13,
		"PO": ""
	},
	{
		"Product": "HT-1502",
		"ProductUUID": "0050568c-901d-1ed7-8de0-7a4727e000f5",
		"ProductName": "Server Power Pro",
		"ProductDescription": "Dual socket, quad-core processing server with 1644 MHz Front Side Bus with 100Gb connectivity",
		"Price": "25000.00",
		"Currency": "USD",
		"ProductPictureURL": "../localService/mockdata/images/HT-1502.jpg",
		"AverageRatingValue": "1.50",
		"NumberOfReviewPosts": 2,
		"PO": ""
	},
	{
		"Product": "HT-6130",
		"ProductUUID": "0050568c-901d-1ed7-8de0-7a4727e020f5",
		"ProductName": "Flat Watch HD32",
		"ProductDescription": "32-inch, 1366x768 Pixel, 16:9, HDTV ready",
		"Price": "1459.00",
		"Currency": "USD",
		"ProductPictureURL": "../localService/mockdata/images/HT-6130.jpg",
		"AverageRatingValue": "3.00",
		"NumberOfReviewPosts": 10,
		"PO": ""
	},
	{
		"Product": "HT-6131",
		"ProductUUID": "0050568c-901d-1ed7-8de0-7a4727e040f5",
		"ProductName": "Flat Watch HD37",
		"ProductDescription": "37-inch, 1366x768 Pixel, 16:9, HDTV ready",
		"Price": "1199.00",
		"Currency": "USD",
		"ProductPictureURL": "../localService/mockdata/images/HT-6131.jpg",
		"AverageRatingValue": "2.92",
		"NumberOfReviewPosts": 12,
		"PO": ""
	},
	{
		"Product": "HT-6132",
		"ProductUUID": "0050568c-901d-1ed7-8de0-7a4727e060f5",
		"ProductName": "Flat Watch HD41",
		"ProductDescription": "41-inch, 1366x768 Pixel, 16:9, HDTV ready",
		"Price": "899.00",
		"Currency": "USD",
		"ProductPictureURL": "../localService/mockdata/images/HT-6132.jpg",
		"AverageRatingValue": "0.00",
		"NumberOfReviewPosts": 0,
		"PO": ""
	},
	{
		"Product": "HT-7030",
		"ProductUUID": "0050568c-901d-1ed7-8de0-7a4727e080f5",
		"ProductName": "Platinberry",
		"ProductDescription": "Our new multifunctional Handheld with phone function in platinum",
		"Price": "549.00",
		"Currency": "USD",
		"ProductPictureURL": "../localService/mockdata/images/HT-7030.jpg",
		"AverageRatingValue": "3.67",
		"NumberOfReviewPosts": 3,
		"PO": ""
	},
	{
		"Product": "HT-7020",
		"ProductUUID": "0050568c-901d-1ed7-8de0-7a4727e0a0f5",
		"ProductName": "Goldberry",
		"ProductDescription": "Our new multifunctional Handheld with phone function in gold",
		"Price": "549.00",
		"Currency": "USD",
		"ProductPictureURL": "../localService/mockdata/images/HT-7020.jpg",
		"AverageRatingValue": "1.80",
		"NumberOfReviewPosts": 5,
		"PO": ""
	},
	{
		"Product": "HT-7010",
		"ProductUUID": "0050568c-901d-1ed7-8de0-7a4727e0c0f5",
		"ProductName": "Silverberry",
		"ProductDescription": "Our new multifunctional Handheld with phone function in silver",
		"Price": "549.00",
		"Currency": "USD",
		"ProductPictureURL": "../localService/mockdata/images/HT-7010.jpg",
		"AverageRatingValue": "3.33",
		"NumberOfReviewPosts": 6,
		"PO": ""
	},
	{
		"Product": "HT-7000",
		"ProductUUID": "0050568c-901d-1ed7-8de0-7a4727e0e0f5",
		"ProductName": "Copperberry",
		"ProductDescription": "Our new multifunctional Handheld with phone function in copper",
		"Price": "549.00",
		"Currency": "USD",
		"ProductPictureURL": "../localService/mockdata/images/HT-7000.jpg",
		"AverageRatingValue": "2.67",
		"NumberOfReviewPosts": 3,
		"PO": ""
	},
	{
		"Product": "HT-1095",
		"ProductUUID": "0050568c-901d-1ed7-8de0-7a4727e100f5",
		"ProductName": "Lovely Sound 5.1 Wireless",
		"ProductDescription": "5.1 Headset, 40 Hz-20 kHz, Wireless",
		"Price": "49.00",
		"Currency": "USD",
		"ProductPictureURL": "../localService/mockdata/images/HT-1095.jpg",
		"AverageRatingValue": "3.21",
		"NumberOfReviewPosts": 14,
		"PO": ""
	},
	{
		"Product": "HT-1096",
		"ProductUUID": "0050568c-901d-1ed7-8de0-7a4727e120f5",
		"ProductName": "Lovely Sound 5.1",
		"ProductDescription": "5.1 Headset, 40 Hz-20 kHz, 3m cable",
		"Price": "39.00",
		"Currency": "USD",
		"ProductPictureURL": "../localService/mockdata/images/HT-1096.jpg",
		"AverageRatingValue": "3.75",
		"NumberOfReviewPosts": 4,
		"PO": ""
	},
	{
		"Product": "HT-1097",
		"ProductUUID": "0050568c-901d-1ed7-8de0-7a4727e140f5",
		"ProductName": "Lovely Sound Stereo",
		"ProductDescription": "5.1 Headset, 40 Hz-20 kHz, 1m cable",
		"Price": "29.00",
		"Currency": "USD",
		"ProductPictureURL": "../localService/mockdata/images/HT-1097.jpg",
		"AverageRatingValue": "3.55",
		"NumberOfReviewPosts": 11,
		"PO": ""
	},
	{
		"Product": "HT-6123",
		"ProductUUID": "0050568c-901d-1ed7-8de0-7a4727e160f5",
		"ProductName": "Power Pro Player 80",
		"ProductDescription": "MP3-Player with 80 GB SSD and Color Display, can play movies",
		"Price": "299.00",
		"Currency": "USD",
		"ProductPictureURL": "../localService/mockdata/images/HT-6123.jpg",
		"AverageRatingValue": "2.75",
		"NumberOfReviewPosts": 4,
		"PO": ""
	},
	{
		"Product": "HT-6122",
		"ProductUUID": "0050568c-901d-1ed7-8de0-7a4727e180f5",
		"ProductName": "Power Pro Player 40",
		"ProductDescription": "MP3-Player with 40 GB HDD and Color Display, can play movies",
		"Price": "167.00",
		"Currency": "USD",
		"ProductPictureURL": "../localService/mockdata/images/HT-6122.jpg",
		"AverageRatingValue": "2.25",
		"NumberOfReviewPosts": 8,
		"PO": ""
	},
	{
		"Product": "HT-6121",
		"ProductUUID": "0050568c-901d-1ed7-8de0-7a4727e1a0f5",
		"ProductName": "ITelo Jog-Mate",
		"ProductDescription": "ITelo Jog-Mate 64 GB HDD and Color Display, can play movies",
		"Price": "63.00",
		"Currency": "USD",
		"ProductPictureURL": "../localService/mockdata/images/HT-6121.jpg",
		"AverageRatingValue": "3.33",
		"NumberOfReviewPosts": 6,
		"PO": ""
	},
	{
		"Product": "HT-6120",
		"ProductUUID": "0050568c-901d-1ed7-8de0-7a4727e1c0f5",
		"ProductName": "ITelo MusicStick",
		"ProductDescription": "64 GB USB Music-on-a-Stick",
		"Price": "45.00",
		"Currency": "USD",
		"ProductPictureURL": "../localService/mockdata/images/HT-6120.jpg",
		"AverageRatingValue": "0.00",
		"NumberOfReviewPosts": 0,
		"PO": ""
	},
	{
		"Product": "HT-6111",
		"ProductUUID": "0050568c-901d-1ed7-8de0-7a4727e1e0f5",
		"ProductName": "Record Movie",
		"ProductDescription": "160 GB HDD, CD-RW, DVD+R/RW, DVD-R/RW, MPEG 2 (Video-DVD), MPEG 4, VCD, SVCD, DivX, Xvid",
		"Price": "288.00",
		"Currency": "USD",
		"ProductPictureURL": "../localService/mockdata/images/HT-6111.jpg",
		"AverageRatingValue": "3.00",
		"NumberOfReviewPosts": 6,
		"PO": ""
	},
	{
		"Product": "HT-6110",
		"ProductUUID": "0050568c-901d-1ed7-8de0-7a4727e200f5",
		"ProductName": "Play Movie",
		"ProductDescription": "CD-RW, DVD+R/RW, DVD-R/RW, MPEG 2 (Video-DVD), MPEG 4, VCD, SVCD, DivX, Xvid",
		"Price": "130.00",
		"Currency": "USD",
		"ProductPictureURL": "../localService/mockdata/images/HT-6110.jpg",
		"AverageRatingValue": "3.70",
		"NumberOfReviewPosts": 10,
		"PO": ""
	},
	{
		"Product": "HT-6102",
		"ProductUUID": "0050568c-901d-1ed7-8de0-7a4727e220f5",
		"ProductName": "Beam Breaker B-3",
		"ProductDescription": "1080p, DLP max. 12,3 Meter, 3D-ready",
		"Price": "889.00",
		"Currency": "USD",
		"ProductPictureURL": "../localService/mockdata/images/HT-6102.jpg",
		"AverageRatingValue": "3.86",
		"NumberOfReviewPosts": 7,
		"PO": ""
	},
	{
		"Product": "HT-6101",
		"ProductUUID": "0050568c-901d-1ed7-8de0-7a4727e240f5",
		"ProductName": "Beam Breaker B-2",
		"ProductDescription": "1080p, DLP max.9,34 Meter, 2D-ready",
		"Price": "679.00",
		"Currency": "USD",
		"ProductPictureURL": "../localService/mockdata/images/HT-6101.jpg",
		"AverageRatingValue": "4.00",
		"NumberOfReviewPosts": 1,
		"PO": ""
	},
	{
		"Product": "HT-2002",
		"ProductUUID": "0050568c-901d-1ed7-8de0-7a4727e260f5",
		"ProductName": "Portable DVD Player with 9\" LCD Monitor",
		"ProductDescription": "9\" LCD Screen, storage holds up to 8 hours, 2 speakers included",
		"Price": "853.99",
		"Currency": "USD",
		"ProductPictureURL": "../localService/mockdata/images/HT-2002.jpg",
		"AverageRatingValue": "3.83",
		"NumberOfReviewPosts": 6,
		"PO": ""
	},
	{
		"Product": "HT-6100",
		"ProductUUID": "0050568c-901d-1ed7-8de0-7a4727e280f5",
		"ProductName": "Beam Breaker B-1",
		"ProductDescription": "720p, DLP Projector max. 8,45 Meter, 2D",
		"Price": "469.00",
		"Currency": "USD",
		"ProductPictureURL": "../localService/mockdata/images/HT-6100.jpg",
		"AverageRatingValue": "3.64",
		"NumberOfReviewPosts": 11,
		"PO": ""
	},
	{
		"Product": "HT-2027",
		"ProductUUID": "0050568c-901d-1ed7-8de0-7a4727e2a0f5",
		"ProductName": "Removable CD/DVD Laser Labels",
		"ProductDescription": "Removable jewel case labels, zero residues (100)",
		"Price": "8.99",
		"Currency": "USD",
		"ProductPictureURL": "../localService/mockdata/images/HT-2027.jpg",
		"AverageRatingValue": "2.75",
		"NumberOfReviewPosts": 4,
		"PO": ""
	},
	{
		"Product": "HT-2026",
		"ProductUUID": "0050568c-901d-1ed7-8de0-7a4727e2c0f5",
		"ProductName": "Audio/Video Cable Kit - 4m",
		"ProductDescription": "Quality cables for notebooks and projectors",
		"Price": "29.99",
		"Currency": "USD",
		"ProductPictureURL": "../localService/mockdata/images/HT-2026.jpg",
		"AverageRatingValue": "2.50",
		"NumberOfReviewPosts": 2,
		"PO": ""
	},
	{
		"Product": "HT-2025",
		"ProductUUID": "0050568c-901d-1ed7-8de0-7a4727e2e0f5",
		"ProductName": "CD/DVD case: 264 sleeves",
		"ProductDescription": "Organizer and protective case for 264 CDs and DVDs",
		"Price": "44.99",
		"Currency": "USD",
		"ProductPictureURL": "../localService/mockdata/images/HT-2025.jpg",
		"AverageRatingValue": "3.86",
		"NumberOfReviewPosts": 7,
		"PO": ""
	},
	{
		"Product": "HT-2001",
		"ProductUUID": "0050568c-901d-1ed7-8de0-7a4727e300f5",
		"ProductName": "10\" Portable DVD player",
		"ProductDescription": "10\" LCD Screen, storage battery holds up to 8 hours",
		"Price": "449.99",
		"Currency": "USD",
		"ProductPictureURL": "../localService/mockdata/images/HT-2001.jpg",
		"AverageRatingValue": "2.11",
		"NumberOfReviewPosts": 9,
		"PO": ""
	},
	{
		"Product": "HT-2000",
		"ProductUUID": "0050568c-901d-1ed7-8de0-7a4727e320f5",
		"ProductName": "7\" Widescreen Portable DVD Player w MP3",
		"ProductDescription": "7\" LCD Screen, storage battery holds up to 6 hours!",
		"Price": "249.99",
		"Currency": "USD",
		"ProductPictureURL": "../localService/mockdata/images/HT-2000.jpg",
		"AverageRatingValue": "2.30",
		"NumberOfReviewPosts": 10,
		"PO": ""
	},
	{
		"Product": "HT-1603",
		"ProductUUID": "0050568c-901d-1ed7-8de0-7a4727e340f5",
		"ProductName": "Gaming Monster Pro",
		"ProductDescription": "3,4 Ghz quad core, 16 GB DDR3 SDRAM, 4000 GB Hard Disc, Graphic Card: Hurricane GX, Windows 8",
		"Price": "1700.00",
		"Currency": "USD",
		"ProductPictureURL": "../localService/mockdata/images/HT-1603.jpg",
		"AverageRatingValue": "3.13",
		"NumberOfReviewPosts": 8,
		"PO": ""
	},
	{
		"Product": "HT-1602",
		"ProductUUID": "0050568c-901d-1ed7-8de0-7a4727e360f5",
		"ProductName": "Gaming Monster",
		"ProductDescription": "3,4 Ghz quad core, 8 GB DDR3 SDRAM, 2000 GB Hard Disc, Graphic Card: Gladiator MX, Windows 8",
		"Price": "1200.00",
		"Currency": "USD",
		"ProductPictureURL": "../localService/mockdata/images/HT-1602.jpg",
		"AverageRatingValue": "3.20",
		"NumberOfReviewPosts": 15,
		"PO": ""
	},
	{
		"Product": "HT-1601",
		"ProductUUID": "0050568c-901d-1ed7-8de0-7a4727e380f5",
		"ProductName": "Family PC Pro",
		"ProductDescription": "2,8 Ghz dual core, 4 GB DDR3 SDRAM, 1000 GB Hard Disc, Graphic Card: Gladiator MX, Windows 8",
		"Price": "900.00",
		"Currency": "USD",
		"ProductPictureURL": "../localService/mockdata/images/HT-1601.jpg",
		"AverageRatingValue": "3.40",
		"NumberOfReviewPosts": 5,
		"PO": ""
	},
	{
		"Product": "HT-1600",
		"ProductUUID": "0050568c-901d-1ed7-8de0-7a4727e3a0f5",
		"ProductName": "Family PC Basic",
		"ProductDescription": "2,8 Ghz dual core, 4 GB DDR3 SDRAM, 500 GB Hard Disc, Graphic Card: Proctra X, Windows 8",
		"Price": "600.00",
		"Currency": "USD",
		"ProductPictureURL": "../localService/mockdata/images/HT-1600.jpg",
		"AverageRatingValue": "3.08",
		"NumberOfReviewPosts": 12,
		"PO": ""
	},
	{
		"Product": "HT-1119",
		"ProductUUID": "0050568c-901d-1ed7-8de0-7a4727e3c0f5",
		"ProductName": "Travel Adapter",
		"ProductDescription": "Universal Travel Adapter",
		"Price": "79.00",
		"Currency": "USD",
		"ProductPictureURL": "../localService/mockdata/images/HT-1119.jpg",
		"AverageRatingValue": "2.57",
		"NumberOfReviewPosts": 7,
		"PO": ""
	},
	{
		"Product": "HT-8000",
		"ProductUUID": "0050568c-901d-1ed7-8de0-7a4727e3e0f5",
		"ProductName": "ITelO FlexTop I4000",
		"ProductDescription": "Notebook with 2,80 GHz dual core, 4 GB DDR3 SDRAM, 500 GB Hard Disc, Windows 8",
		"Price": "799.00",
		"Currency": "USD",
		"ProductPictureURL": "../localService/mockdata/images/HT-8000.jpg",
		"AverageRatingValue": "1.86",
		"NumberOfReviewPosts": 7,
		"PO": ""
	},
	{
		"Product": "HT-8001",
		"ProductUUID": "0050568c-901d-1ed7-8de0-7a4727e400f5",
		"ProductName": "ITelO FlexTop I6300c",
		"ProductDescription": "Notebook with 2,80 GHz dual core, 8 GB DDR3 SDRAM, 500 GB Hard Disc, Windows 8",
		"Price": "999.00",
		"Currency": "USD",
		"ProductPictureURL": "../localService/mockdata/images/HT-8001.jpg",
		"AverageRatingValue": "3.00",
		"NumberOfReviewPosts": 2,
		"PO": ""
	},
	{
		"Product": "HT-8002",
		"ProductUUID": "0050568c-901d-1ed7-8de0-7a4727e420f5",
		"ProductName": "ITelO FlexTop I9100",
		"ProductDescription": "Notebook with 2,80 GHz quad core, 4 GB DDR3 SDRAM, 1000 GB Hard Disc, Windows 8",
		"Price": "1199.00",
		"Currency": "USD",
		"ProductPictureURL": "../localService/mockdata/images/HT-8002.jpg",
		"AverageRatingValue": "2.92",
		"NumberOfReviewPosts": 13,
		"PO": ""
	},
	{
		"Product": "HT-8003",
		"ProductUUID": "0050568c-901d-1ed7-8de0-7a4727e440f5",
		"ProductName": "ITelO FlexTop I9800",
		"ProductDescription": "Notebook with 2,80 GHz quad core, 8 GB DDR3 SDRAM, 1000 GB Hard Disc, Windows 8",
		"Price": "1388.00",
		"Currency": "USD",
		"ProductPictureURL": "../localService/mockdata/images/HT-8003.jpg",
		"AverageRatingValue": "3.20",
		"NumberOfReviewPosts": 15,
		"PO": ""
	},
	{
		"Product": "PF-1000",
		"ProductUUID": "0050568c-901d-1ed7-8de0-7a4727e460f5",
		"ProductName": "Flyer",
		"ProductDescription": "Flyer for our product palette",
		"Price": "0.00",
		"Currency": "USD",
		"ProductPictureURL": "../localService/mockdata/images/PF-1000.jpg",
		"AverageRatingValue": "2.50",
		"NumberOfReviewPosts": 2,
		"PO": ""
	},
	{
		"Product": "HT-9999",
		"ProductUUID": "0050568c-901d-1ed7-8de0-7a4727e480f5",
		"ProductName": "Maxi Tablet",
		"ProductDescription": "10.1-inch Multitouch HD Screen (1280 x 800), 16GB Internal Memory, Wireless N Wi-Fi; Bluetooth, GPS Enabled, 1GHz Dual-Core Processor",
		"Price": "749.00",
		"Currency": "USD",
		"ProductPictureURL": "../localService/mockdata/images/HT-9999.jpg",
		"AverageRatingValue": "3.50",
		"NumberOfReviewPosts": 2,
		"PO": ""
	},
	{
		"Product": "HT-9998",
		"ProductUUID": "0050568c-901d-1ed7-8de0-7a4727e4a0f5",
		"ProductName": "Smartphone Beta",
		"ProductDescription": "5 Megapixel Camera, Wi-Fi 802.11 b/g/n, Bluetooth, GPS A-GPS support",
		"Price": "699.00",
		"Currency": "USD",
		"ProductPictureURL": "../localService/mockdata/images/HT-9998.jpg",
		"AverageRatingValue": "3.09",
		"NumberOfReviewPosts": 11,
		"PO": ""
	},
	{
		"Product": "HT-9997",
		"ProductUUID": "0050568c-901d-1ed7-8de0-7a4727e4c0f5",
		"ProductName": "e-Book Reader ReadMe",
		"ProductDescription": "6-Inch E Ink Screen, Access To e-book Store, Adjustable Font Styles and Sizes, Stores Up To 1,000 Books",
		"Price": "633.00",
		"Currency": "USD",
		"ProductPictureURL": "../localService/mockdata/images/HT-9997.jpg",
		"AverageRatingValue": "3.00",
		"NumberOfReviewPosts": 12,
		"PO": ""
	},
	{
		"Product": "HT-9996",
		"ProductUUID": "0050568c-901d-1ed7-8de0-7a4727e4e0f5",
		"ProductName": "Tablet Pouch",
		"ProductDescription": "Stylish tablet pouch, protects from scratches, color: black",
		"Price": "20.00",
		"Currency": "USD",
		"ProductPictureURL": "../localService/mockdata/images/HT-9996.jpg",
		"AverageRatingValue": "2.50",
		"NumberOfReviewPosts": 10,
		"PO": ""
	},
	{
		"Product": "HT-9995",
		"ProductUUID": "0050568c-901d-1ed7-8de0-7a4727e500f5",
		"ProductName": "Smartphone Cover",
		"ProductDescription": "Durable high quality plastic bump-sleeve, lightweight, protects from scratches, rubber coating, multiple colors available, Accurate design and cut-outs for your device, snap-on design",
		"Price": "15.00",
		"Currency": "USD",
		"ProductPictureURL": "../localService/mockdata/images/HT-9995.jpg",
		"AverageRatingValue": "3.08",
		"NumberOfReviewPosts": 13,
		"PO": ""
	},
	{
		"Product": "HT-9994",
		"ProductUUID": "0050568c-901d-1ed7-8de0-7a4727e520f5",
		"ProductName": "Camcorder View",
		"ProductDescription": "1920x1080 Full HD, image stabilization reduces blur, 27x Optical / 32x Extended Zoom, wide angle Lens, 2.7\" wide LCD display",
		"Price": "1388.00",
		"Currency": "USD",
		"ProductPictureURL": "../localService/mockdata/images/HT-9994.jpg",
		"AverageRatingValue": "3.54",
		"NumberOfReviewPosts": 13,
		"PO": ""
	},
	{
		"Product": "HT-9993",
		"ProductUUID": "0050568c-901d-1ed7-8de0-7a4727e540f5",
		"ProductName": "Mini Tablet",
		"ProductDescription": "7 inch 1280x800 HD display (216 ppi), Quad-core processor, 16 GB internal storage, 4325 mAh battery (Up to 8 hours of active use)",
		"Price": "833.00",
		"Currency": "USD",
		"ProductPictureURL": "../localService/mockdata/images/HT-9993.jpg",
		"AverageRatingValue": "3.33",
		"NumberOfReviewPosts": 6,
		"PO": ""
	},
	{
		"Product": "HT-9992",
		"ProductUUID": "0050568c-901d-1ed7-8de0-7a4727e560f5",
		"ProductName": "Smartphone Alpha",
		"ProductDescription": "7 inch 1280x800 HD display (216 ppi), Quad-core processor, 16 GB internal storage (actual formatted capacity will be less), 4325 mAh battery (Up to 8 hours of active use), white or black",
		"Price": "599.00",
		"Currency": "USD",
		"ProductPictureURL": "../localService/mockdata/images/HT-9992.jpg",
		"AverageRatingValue": "4.11",
		"NumberOfReviewPosts": 9,
		"PO": ""
	},
	{
		"Product": "HT-9991",
		"ProductUUID": "0050568c-901d-1ed7-8de0-7a4727e580f5",
		"ProductName": "Smartphone Leather Case",
		"ProductDescription": "Button Clasp, Quality Material, 100% Leather, compatible with many smartphone models",
		"Price": "25.00",
		"Currency": "USD",
		"ProductPictureURL": "../localService/mockdata/images/HT-9991.jpg",
		"AverageRatingValue": "2.75",
		"NumberOfReviewPosts": 12,
		"PO": ""
	},
	{
		"Product": "HT-1251",
		"ProductUUID": "0050568c-901d-1ed7-8de0-7a4727e5a0f5",
		"ProductName": "Astro Laptop 1516",
		"ProductDescription": "Flexible Laptop with 2,5 GHz Quad Core, 15\" HD TN, 16 GB DDR SDRAM, 256 GB SSD, Windows 10 Pro",
		"Price": "989.00",
		"Currency": "USD",
		"ProductPictureURL": "../localService/mockdata/images/HT-1251-FRONT.jpg",
		"AverageRatingValue": "3.50",
		"NumberOfReviewPosts": 4,
		"PO": ""
	},
	{
		"Product": "HT-1252",
		"ProductUUID": "0050568c-901d-1ed7-8de0-7a4727e5c0f5",
		"ProductName": "Astro Phone 6",
		"ProductDescription": "6 inch 1280x800 HD display (216 ppi), Quad-core processor, 8 GB internal storage (actual formatted capacity will be less), 3050 mAh battery (Up to 8 hours of active use), grey or black",
		"Price": "649.00",
		"Currency": "USD",
		"ProductPictureURL": "../localService/mockdata/images/HT-1252-FRONT.jpg",
		"AverageRatingValue": "4.00",
		"NumberOfReviewPosts": 10,
		"PO": ""
	},
	{
		"Product": "HT-1253",
		"ProductUUID": "0050568c-901d-1ed7-8de0-7a4727e5e0f5",
		"ProductName": "Benda Laptop 1408",
		"ProductDescription": "Flexible Laptop with 2,5 GHz Dual Core, 14\" HD+ TN, 8 GB DDR SDRAM, 324 GB SSD, Windows 10 Pro",
		"Price": "976.00",
		"Currency": "USD",
		"ProductPictureURL": "../localService/mockdata/images/HT-1253-LEFT.jpg",
		"AverageRatingValue": "0.00",
		"NumberOfReviewPosts": 0,
		"PO": ""
	},
	{
		"Product": "HT-1254",
		"ProductUUID": "0050568c-901d-1ed7-8de0-7a4727e600f5",
		"ProductName": "Bending Screen 21HD",
		"ProductDescription": "Optimum Hi-Resolution Widescreen max. 1920 x 1080 @ 85Hz, Dot Pitch: 0.27mm, HDMI, D-Sub",
		"Price": "250.00",
		"Currency": "USD",
		"ProductPictureURL": "../localService/mockdata/images/HT-1254-FRONT.jpg",
		"AverageRatingValue": "3.20",
		"NumberOfReviewPosts": 5,
		"PO": ""
	},
	{
		"Product": "HT-1255",
		"ProductUUID": "0050568c-901d-1ed7-8de0-7a4727e620f5",
		"ProductName": "Broad Screen 22HD",
		"ProductDescription": "Optimum Hi-Resolution Widescreen max. 2048 x 1080 @ 85Hz, Dot Pitch: 0.27mm, HDMI, D-Sub",
		"Price": "270.00",
		"Currency": "USD",
		"ProductPictureURL": "../localService/mockdata/images/HT-1255-FRONT.jpg",
		"AverageRatingValue": "2.85",
		"NumberOfReviewPosts": 13,
		"PO": ""
	},
	{
		"Product": "HT-1256",
		"ProductUUID": "0050568c-901d-1ed7-8de0-7a4727e640f5",
		"ProductName": "Cerdik Phone 7",
		"ProductDescription": "7 inch 1280x800 HD display (216 ppi), Quad-core processor, 16 GB internal storage (actual formatted capacity will be less), 4325 mAh battery (Up to 8 hours of active use), white or black",
		"Price": "549.00",
		"Currency": "USD",
		"ProductPictureURL": "../localService/mockdata/images/HT-1256-FRONT.jpg",
		"AverageRatingValue": "3.42",
		"NumberOfReviewPosts": 12,
		"PO": ""
	},
	{
		"Product": "HT-1257",
		"ProductUUID": "0050568c-901d-1ed7-8de0-7a4727e660f5",
		"ProductName": "Cepat Tablet 10.5",
		"ProductDescription": "10.5-inch Multitouch HD Screen (1280 x 800), 16GB Internal Memory, Wireless N Wi-Fi; Bluetooth, GPS Enabled, 1GHz Dual-Core Processor",
		"Price": "549.00",
		"Currency": "USD",
		"ProductPictureURL": "../localService/mockdata/images/HT-1257-FRONT.jpg",
		"AverageRatingValue": "2.58",
		"NumberOfReviewPosts": 12,
		"PO": ""
	},
	{
		"Product": "HT-1258",
		"ProductUUID": "0050568c-901d-1ed7-8de0-7a4727e680f5",
		"ProductName": "Cepat Tablet 8",
		"ProductDescription": "8-inch Multitouch HD Screen (2000 x 1500) 32GB Internal Memory, Wireless N Wi-Fi, Bluetooth, GPS Enabled, 1.5 GHz Quad-Core Processor",
		"Price": "529.00",
		"Currency": "USD",
		"ProductPictureURL": "../localService/mockdata/images/HT-1258-FRONT.jpg",
		"AverageRatingValue": "3.22",
		"NumberOfReviewPosts": 9,
		"PO": ""
	}
]