[
	{
		"Activation_ac": false,
		"Approve_ac": false,
		"Copy_ac": false,
		"Edit_ac": false,
		"Goodsreceipt_ac": false,
		"Preparation_ac": false,
		"Reject_ac": false,
		"Validation_ac": false,
		"PurchaseOrder": "300000020",
		"CreatedByUser": "0050568c-901d-1ed7-8de0-7a47274900f5",
		"SupplierName": "Japan Insurance Partner",
		"GrossAmountInTransacCurrency": "521.22",
		"TransactionCurrency": "USD",
		"NumberOfItems": 9,
		"OrderedByName": "James Smith",
		"CreationDateTime": "/Date(1493157600000+0000)/",
		"ApprovalIcon": "sap-icon://payment-approval",
		"Supplier": "100000034"
	},
	{
		"Activation_ac": false,
		"Approve_ac": false,
		"Copy_ac": false,
		"Edit_ac": false,
		"Goodsreceipt_ac": false,
		"Preparation_ac": false,
		"Reject_ac": false,
		"Validation_ac": false,
		"PurchaseOrder": "300000021",
		"CreatedByUser": "0050568c-901d-1ed7-8de0-7a47274aa0f5",
		"SupplierName": "Robert Brown Entertainment",
		"GrossAmountInTransacCurrency": "1081.71",
		"TransactionCurrency": "USD",
		"NumberOfItems": 3,
		"OrderedByName": "Carol Aranda",
		"CreationDateTime": "/Date(1493244000000+0000)/",
		"ApprovalIcon": "sap-icon://payment-approval",
		"Supplier": "100000015"
	},
	{
		"Activation_ac": false,
		"Approve_ac": false,
		"Copy_ac": false,
		"Edit_ac": false,
		"Goodsreceipt_ac": false,
		"Preparation_ac": false,
		"Reject_ac": false,
		"Validation_ac": false,
		"PurchaseOrder": "300000022",
		"CreatedByUser": "0050568c-901d-1ed7-8de0-7a47274860f5",
		"SupplierName": "Getränkegroßhandel Janssen",
		"GrossAmountInTransacCurrency": "2491.86",
		"TransactionCurrency": "USD",
		"NumberOfItems": 2,
		"OrderedByName": "James Field",
		"CreationDateTime": "/Date(1493244000000+0000)/",
		"ApprovalIcon": "sap-icon://payment-approval",
		"Supplier": "100000023"
	},
	{
		"Activation_ac": false,
		"Approve_ac": false,
		"Copy_ac": false,
		"Edit_ac": false,
		"Goodsreceipt_ac": false,
		"Preparation_ac": false,
		"Reject_ac": false,
		"Validation_ac": false,
		"PurchaseOrder": "300000023",
		"CreatedByUser": "0050568c-901d-1ed7-8de0-7a47274960f5",
		"SupplierName": "Siwusha",
		"GrossAmountInTransacCurrency": "6189.19",
		"TransactionCurrency": "USD",
		"NumberOfItems": 4,
		"OrderedByName": "Clark Kent",
		"CreationDateTime": "/Date(1493416800000+0000)/",
		"ApprovalIcon": "sap-icon://payment-approval",
		"Supplier": "100000042"
	},
	{
		"Activation_ac": false,
		"Approve_ac": false,
		"Copy_ac": false,
		"Edit_ac": false,
		"Goodsreceipt_ac": false,
		"Preparation_ac": false,
		"Reject_ac": false,
		"Validation_ac": false,
		"PurchaseOrder": "300000024",
		"CreatedByUser": "0050568c-901d-1ed7-8de0-7a47274760f5",
		"SupplierName": "Talpa",
		"GrossAmountInTransacCurrency": "8757.70",
		"TransactionCurrency": "USD",
		"NumberOfItems": 7,
		"OrderedByName": "Viola Gains",
		"CreationDateTime": "/Date(1493503200000+0000)/",
		"ApprovalIcon": "sap-icon://payment-approval",
		"Supplier": "100000003"
	},
	{
		"Activation_ac": false,
		"Approve_ac": false,
		"Copy_ac": false,
		"Edit_ac": false,
		"Goodsreceipt_ac": false,
		"Preparation_ac": false,
		"Reject_ac": false,
		"Validation_ac": false,
		"PurchaseOrder": "300000025",
		"CreatedByUser": "0050568c-901d-1ed7-8de0-7a47274980f5",
		"SupplierName": "Vente Et Réparation de Ordinateur",
		"GrossAmountInTransacCurrency": "17626.28",
		"TransactionCurrency": "USD",
		"NumberOfItems": 10,
		"OrderedByName": "Catherine Jones",
		"CreationDateTime": "/Date(1493503200000+0000)/",
		"ApprovalIcon": "sap-icon://payment-approval",
		"Supplier": "100000026"
	},
	{
		"Activation_ac": false,
		"Approve_ac": false,
		"Copy_ac": false,
		"Edit_ac": false,
		"Goodsreceipt_ac": false,
		"Preparation_ac": false,
		"Reject_ac": false,
		"Validation_ac": false,
		"PurchaseOrder": "300000026",
		"CreatedByUser": "0050568c-901d-1ed7-8de0-7a47274700f5",
		"SupplierName": "Asia High tech",
		"GrossAmountInTransacCurrency": "29207.36",
		"TransactionCurrency": "USD",
		"NumberOfItems": 10,
		"OrderedByName": "Walter Winter",
		"CreationDateTime": "/Date(1493503200000+0000)/",
		"ApprovalIcon": "sap-icon://payment-approval",
		"Supplier": "100000006"
	},
	{
		"Activation_ac": false,
		"Approve_ac": false,
		"Copy_ac": false,
		"Edit_ac": false,
		"Goodsreceipt_ac": false,
		"Preparation_ac": false,
		"Reject_ac": false,
		"Validation_ac": false,
		"PurchaseOrder": "300000027",
		"CreatedByUser": "0050568c-901d-1ed7-8de0-7a47274820f5",
		"SupplierName": "South American IT Company",
		"GrossAmountInTransacCurrency": "2490.67",
		"TransactionCurrency": "USD",
		"NumberOfItems": 8,
		"OrderedByName": "Joanne Rush",
		"CreationDateTime": "/Date(1493589600000+0000)/",
		"ApprovalIcon": "sap-icon://payment-approval",
		"Supplier": "100000041"
	},
	{
		"Activation_ac": false,
		"Approve_ac": false,
		"Copy_ac": false,
		"Edit_ac": false,
		"Goodsreceipt_ac": false,
		"Preparation_ac": false,
		"Reject_ac": false,
		"Validation_ac": false,
		"PurchaseOrder": "300000028",
		"CreatedByUser": "0050568c-901d-1ed7-8de0-7a472746e0f5",
		"SupplierName": "PicoBit",
		"GrossAmountInTransacCurrency": "1637.91",
		"TransactionCurrency": "USD",
		"NumberOfItems": 5,
		"OrderedByName": "Franco Fall",
		"CreationDateTime": "/Date(1493589600000+0000)/",
		"ApprovalIcon": "sap-icon://payment-approval",
		"Supplier": "100000037"
	},
	{
		"Activation_ac": false,
		"Approve_ac": false,
		"Copy_ac": false,
		"Edit_ac": false,
		"Goodsreceipt_ac": false,
		"Preparation_ac": false,
		"Reject_ac": false,
		"Validation_ac": false,
		"PurchaseOrder": "300000029",
		"CreatedByUser": "0050568c-901d-1ed7-8de0-7a47274940f5",
		"SupplierName": "SAP",
		"GrossAmountInTransacCurrency": "5707.24",
		"TransactionCurrency": "USD",
		"NumberOfItems": 5,
		"OrderedByName": "Anna Lerch",
		"CreationDateTime": "/Date(1493676000000+0000)/",
		"ApprovalIcon": "sap-icon://payment-approval",
		"Supplier": "100000000"
	},
	{
		"Activation_ac": false,
		"Approve_ac": false,
		"Copy_ac": false,
		"Edit_ac": false,
		"Goodsreceipt_ac": false,
		"Preparation_ac": false,
		"Reject_ac": false,
		"Validation_ac": false,
		"PurchaseOrder": "300000030",
		"CreatedByUser": "0050568c-901d-1ed7-8de0-7a47274720f5",
		"SupplierName": "Indian IT Trading Company",
		"GrossAmountInTransacCurrency": "1602.93",
		"TransactionCurrency": "USD",
		"NumberOfItems": 7,
		"OrderedByName": "Maria Hicks",
		"CreationDateTime": "/Date(1493676000000+0000)/",
		"ApprovalIcon": "sap-icon://payment-approval",
		"Supplier": "100000039"
	},
	{
		"Activation_ac": false,
		"Approve_ac": false,
		"Copy_ac": false,
		"Edit_ac": false,
		"Goodsreceipt_ac": false,
		"Preparation_ac": false,
		"Reject_ac": false,
		"Validation_ac": false,
		"PurchaseOrder": "300000031",
		"CreatedByUser": "0050568c-901d-1ed7-8de0-7a472746a0f5",
		"SupplierName": "Mexican Oil Trading Company",
		"GrossAmountInTransacCurrency": "5493.04",
		"TransactionCurrency": "USD",
		"NumberOfItems": 3,
		"OrderedByName": "Sally Spring",
		"CreationDateTime": "/Date(1493676000000+0000)/",
		"ApprovalIcon": "sap-icon://payment-approval",
		"Supplier": "100000016"
	},
	{
		"Activation_ac": false,
		"Approve_ac": false,
		"Copy_ac": false,
		"Edit_ac": false,
		"Goodsreceipt_ac": false,
		"Preparation_ac": false,
		"Reject_ac": false,
		"Validation_ac": false,
		"PurchaseOrder": "300000032",
		"CreatedByUser": "0050568c-901d-1ed7-8de0-7a472747c0f5",
		"SupplierName": "Russian Electronic Trading Company",
		"GrossAmountInTransacCurrency": "4668.37",
		"TransactionCurrency": "USD",
		"NumberOfItems": 8,
		"OrderedByName": "Michael Miller",
		"CreationDateTime": "/Date(1493762400000+0000)/",
		"ApprovalIcon": "sap-icon://payment-approval",
		"Supplier": "100000020"
	},
	{
		"Activation_ac": false,
		"Approve_ac": false,
		"Copy_ac": false,
		"Edit_ac": false,
		"Goodsreceipt_ac": false,
		"Preparation_ac": false,
		"Reject_ac": false,
		"Validation_ac": false,
		"PurchaseOrder": "300000033",
		"CreatedByUser": "0050568c-901d-1ed7-8de0-7a47274a80f5",
		"SupplierName": "Florida Holiday Company",
		"GrossAmountInTransacCurrency": "7097.16",
		"TransactionCurrency": "USD",
		"NumberOfItems": 6,
		"OrderedByName": "Richard Fisher",
		"CreationDateTime": "/Date(1493848800000+0000)/",
		"ApprovalIcon": "sap-icon://payment-approval",
		"Supplier": "100000021"
	},
	{
		"Activation_ac": false,
		"Approve_ac": false,
		"Copy_ac": false,
		"Edit_ac": false,
		"Goodsreceipt_ac": false,
		"Preparation_ac": false,
		"Reject_ac": false,
		"Validation_ac": false,
		"PurchaseOrder": "300000034",
		"CreatedByUser": "0050568c-901d-1ed7-8de0-7a47274960f5",
		"SupplierName": "Danish Fish Trading Company",
		"GrossAmountInTransacCurrency": "8751.26",
		"TransactionCurrency": "USD",
		"NumberOfItems": 3,
		"OrderedByName": "Clark Kent",
		"CreationDateTime": "/Date(1494021600000+0000)/",
		"ApprovalIcon": "sap-icon://payment-approval",
		"Supplier": "100000043"
	},
	{
		"Activation_ac": false,
		"Approve_ac": false,
		"Copy_ac": false,
		"Edit_ac": false,
		"Goodsreceipt_ac": false,
		"Preparation_ac": false,
		"Reject_ac": false,
		"Validation_ac": false,
		"PurchaseOrder": "300000035",
		"CreatedByUser": "0050568c-901d-1ed7-8de0-7a47274b00f5",
		"SupplierName": "Talpa",
		"GrossAmountInTransacCurrency": "8733.71",
		"TransactionCurrency": "USD",
		"NumberOfItems": 7,
		"OrderedByName": "Crispin Perez",
		"CreationDateTime": "/Date(1494108000000+0000)/",
		"ApprovalIcon": "sap-icon://payment-approval",
		"Supplier": "100000003"
	},
	{
		"Activation_ac": false,
		"Approve_ac": false,
		"Copy_ac": false,
		"Edit_ac": false,
		"Goodsreceipt_ac": false,
		"Preparation_ac": false,
		"Reject_ac": false,
		"Validation_ac": false,
		"PurchaseOrder": "300000036",
		"CreatedByUser": "0050568c-901d-1ed7-8de0-7a47274a20f5",
		"SupplierName": "AVANTEL",
		"GrossAmountInTransacCurrency": "3825.85",
		"TransactionCurrency": "USD",
		"NumberOfItems": 4,
		"OrderedByName": "Mary Watson",
		"CreationDateTime": "/Date(1494108000000+0000)/",
		"ApprovalIcon": "sap-icon://payment-approval",
		"Supplier": "100000008"
	},
	{
		"Activation_ac": false,
		"Approve_ac": false,
		"Copy_ac": false,
		"Edit_ac": false,
		"Goodsreceipt_ac": false,
		"Preparation_ac": false,
		"Reject_ac": false,
		"Validation_ac": false,
		"PurchaseOrder": "300000037",
		"CreatedByUser": "0050568c-901d-1ed7-8de0-7a47274a00f5",
		"SupplierName": "Panorama Studios",
		"GrossAmountInTransacCurrency": "6196.26",
		"TransactionCurrency": "USD",
		"NumberOfItems": 9,
		"OrderedByName": "Peter Fuchs",
		"CreationDateTime": "/Date(1494280800000+0000)/",
		"ApprovalIcon": "sap-icon://payment-approval",
		"Supplier": "100000004"
	},
	{
		"Activation_ac": false,
		"Approve_ac": false,
		"Copy_ac": false,
		"Edit_ac": false,
		"Goodsreceipt_ac": false,
		"Preparation_ac": false,
		"Reject_ac": false,
		"Validation_ac": false,
		"PurchaseOrder": "300000038",
		"CreatedByUser": "0050568c-901d-1ed7-8de0-7a472749a0f5",
		"SupplierName": "Meliva",
		"GrossAmountInTransacCurrency": "8758.40",
		"TransactionCurrency": "USD",
		"NumberOfItems": 7,
		"OrderedByName": "Peter Douglas",
		"CreationDateTime": "/Date(1494367200000+0000)/",
		"ApprovalIcon": "sap-icon://payment-approval",
		"Supplier": "100000017"
	},
	{
		"Activation_ac": false,
		"Approve_ac": false,
		"Copy_ac": false,
		"Edit_ac": false,
		"Goodsreceipt_ac": false,
		"Preparation_ac": false,
		"Reject_ac": false,
		"Validation_ac": false,
		"PurchaseOrder": "300000039",
		"CreatedByUser": "0050568c-901d-1ed7-8de0-7a47274a80f5",
		"SupplierName": "Jologa",
		"GrossAmountInTransacCurrency": "4012.68",
		"TransactionCurrency": "USD",
		"NumberOfItems": 6,
		"OrderedByName": "Richard Fisher",
		"CreationDateTime": "/Date(1494540000000+0000)/",
		"ApprovalIcon": "sap-icon://payment-approval",
		"Supplier": "100000030"
	}
]