[
	{
		"ID": ".1~0100000036.2~African Gold And Diamond Corporation.3~USD.4~EA.5~US Dollar.6~each",
		"Supplier": "100000036",
		"SupplierName": "African Gold And Diamond Corporation",
		"GrossAmountInCompanyCurrency": "2722.24",
		"NetUnitPriceInCompanyCurrency": "81.70",
		"Quantity": "28",
		"CompanyCurrency": "USD",
		"QuantityUnit": "EA",
		"CompanyCurrencyShortName": "US Dollar",
		"QuantityUnitName": "each"
	},
	{
		"ID": ".1~0100000029.2~C&SR&ST&SU&S.3~USD.4~EA.5~US Dollar.6~each",
		"Supplier": "100000029",
		"SupplierName": "C.R.T.U.",
		"GrossAmountInCompanyCurrency": "23685.76",
		"NetUnitPriceInCompanyCurrency": "169.35",
		"Quantity": "101",
		"CompanyCurrency": "USD",
		"QuantityUnit": "EA",
		"CompanyCurrencyShortName": "US Dollar",
		"QuantityUnitName": "each"
	},
	{
		"ID": ".1~0100000037.2~PicoBit.3~USD.4~EA.5~US Dollar.6~each",
		"Supplier": "100000037",
		"SupplierName": "PicoBit",
		"GrossAmountInCompanyCurrency": "5298.80",
		"NetUnitPriceInCompanyCurrency": "101.20",
		"Quantity": "44",
		"CompanyCurrency": "USD",
		"QuantityUnit": "EA",
		"CompanyCurrencyShortName": "US Dollar",
		"QuantityUnitName": "each"
	},
	{
		"ID": ".1~0100000008.2~AVANTEL.3~USD.4~EA.5~US Dollar.6~each",
		"Supplier": "100000008",
		"SupplierName": "AVANTEL",
		"GrossAmountInCompanyCurrency": "8042.02",
		"NetUnitPriceInCompanyCurrency": "71.29",
		"Quantity": "77",
		"CompanyCurrency": "USD",
		"QuantityUnit": "EA",
		"CompanyCurrencyShortName": "US Dollar",
		"QuantityUnitName": "each"
	},
	{
		"ID": ".1~0100000001.2~Becker Berlin.3~USD.4~EA.5~US Dollar.6~each",
		"Supplier": "100000001",
		"SupplierName": "Becker Berlin",
		"GrossAmountInCompanyCurrency": "910.35",
		"NetUnitPriceInCompanyCurrency": "45.00",
		"Quantity": "17",
		"CompanyCurrency": "USD",
		"QuantityUnit": "EA",
		"CompanyCurrencyShortName": "US Dollar",
		"QuantityUnitName": "each"
	},
	{
		"ID": ".1~0100000007.2~Laurent.3~USD.4~EA.5~US Dollar.6~each",
		"Supplier": "100000007",
		"SupplierName": "Laurent",
		"GrossAmountInCompanyCurrency": "20066.97",
		"NetUnitPriceInCompanyCurrency": "168.45",
		"Quantity": "107",
		"CompanyCurrency": "USD",
		"QuantityUnit": "EA",
		"CompanyCurrencyShortName": "US Dollar",
		"QuantityUnitName": "each"
	},
	{
		"ID": ".1~0100000016.2~Mexican Oil Trading Company.3~USD.4~EA.5~US Dollar.6~each",
		"Supplier": "100000016",
		"SupplierName": "Mexican Oil Trading Company",
		"GrossAmountInCompanyCurrency": "37866.99",
		"NetUnitPriceInCompanyCurrency": "705.06",
		"Quantity": "63",
		"CompanyCurrency": "USD",
		"QuantityUnit": "EA",
		"CompanyCurrencyShortName": "US Dollar",
		"QuantityUnitName": "each"
	},
	{
		"ID": ".1~0100000044.2~Sorali.3~USD.4~EA.5~US Dollar.6~each",
		"Supplier": "100000044",
		"SupplierName": "Sorali",
		"GrossAmountInCompanyCurrency": "742.56",
		"NetUnitPriceInCompanyCurrency": "39.00",
		"Quantity": "16",
		"CompanyCurrency": "USD",
		"QuantityUnit": "EA",
		"CompanyCurrencyShortName": "US Dollar",
		"QuantityUnitName": "each"
	},
	{
		"ID": ".1~0100000000.2~SAP.3~USD.4~EA.5~US Dollar.6~each",
		"Supplier": "100000000",
		"SupplierName": "SAP",
		"GrossAmountInCompanyCurrency": "60294.92",
		"NetUnitPriceInCompanyCurrency": "956.00",
		"Quantity": "53",
		"CompanyCurrency": "USD",
		"QuantityUnit": "EA",
		"CompanyCurrencyShortName": "US Dollar",
		"QuantityUnitName": "each"
	},
	{
		"ID": ".1~0100000030.2~Jologa.3~USD.4~EA.5~US Dollar.6~each",
		"Supplier": "100000030",
		"SupplierName": "Jologa",
		"GrossAmountInCompanyCurrency": "62304.83",
		"NetUnitPriceInCompanyCurrency": "382.59",
		"Quantity": "143",
		"CompanyCurrency": "USD",
		"QuantityUnit": "EA",
		"CompanyCurrencyShortName": "US Dollar",
		"QuantityUnitName": "each"
	},
	{
		"ID": ".1~0100000019.2~Pateu.3~USD.4~EA.5~US Dollar.6~each",
		"Supplier": "100000019",
		"SupplierName": "Pateu",
		"GrossAmountInCompanyCurrency": "19481.49",
		"NetUnitPriceInCompanyCurrency": "236.56",
		"Quantity": "79",
		"CompanyCurrency": "USD",
		"QuantityUnit": "EA",
		"CompanyCurrencyShortName": "US Dollar",
		"QuantityUnitName": "each"
	},
	{
		"ID": ".1~0100000038.2~Bionic Research Lab.3~USD.4~EA.5~US Dollar.6~each",
		"Supplier": "100000038",
		"SupplierName": "Bionic Research Lab",
		"GrossAmountInCompanyCurrency": "4664.44",
		"NetUnitPriceInCompanyCurrency": "139.99",
		"Quantity": "28",
		"CompanyCurrency": "USD",
		"QuantityUnit": "EA",
		"CompanyCurrencyShortName": "US Dollar",
		"QuantityUnitName": "each"
	},
	{
		"ID": ".1~0100000024.2~JaTeCo.3~USD.4~EA.5~US Dollar.6~each",
		"Supplier": "100000024",
		"SupplierName": "JaTeCo",
		"GrossAmountInCompanyCurrency": "610298.64",
		"NetUnitPriceInCompanyCurrency": "8842.34",
		"Quantity": "58",
		"CompanyCurrency": "USD",
		"QuantityUnit": "EA",
		"CompanyCurrencyShortName": "US Dollar",
		"QuantityUnitName": "each"
	},
	{
		"ID": ".1~0100000013.2~HEPA Tec.3~USD.4~EA.5~US Dollar.6~each",
		"Supplier": "100000013",
		"SupplierName": "HEPA Tec",
		"GrossAmountInCompanyCurrency": "120.40",
		"NetUnitPriceInCompanyCurrency": "2.29",
		"Quantity": "44",
		"CompanyCurrency": "USD",
		"QuantityUnit": "EA",
		"CompanyCurrencyShortName": "US Dollar",
		"QuantityUnitName": "each"
	},
	{
		"ID": ".1~0100000005.2~TECUM.3~USD.4~EA.5~US Dollar.6~each",
		"Supplier": "100000005",
		"SupplierName": "TECUM",
		"GrossAmountInCompanyCurrency": "14192.81",
		"NetUnitPriceInCompanyCurrency": "144.50",
		"Quantity": "83",
		"CompanyCurrency": "USD",
		"QuantityUnit": "EA",
		"CompanyCurrencyShortName": "US Dollar",
		"QuantityUnitName": "each"
	},
	{
		"ID": ".1~0100000043.2~Danish Fish Trading Company.3~USD.4~EA.5~US Dollar.6~each",
		"Supplier": "100000043",
		"SupplierName": "Danish Fish Trading Company",
		"GrossAmountInCompanyCurrency": "28540.96",
		"NetUnitPriceInCompanyCurrency": "1499.00",
		"Quantity": "16",
		"CompanyCurrency": "USD",
		"QuantityUnit": "EA",
		"CompanyCurrencyShortName": "US Dollar",
		"QuantityUnitName": "each"
	},
	{
		"ID": ".1~0100000021.2~Florida Holiday Company.3~USD.4~EA.5~US Dollar.6~each",
		"Supplier": "100000021",
		"SupplierName": "Florida Holiday Company",
		"GrossAmountInCompanyCurrency": "1632.68",
		"NetUnitPriceInCompanyCurrency": "68.59",
		"Quantity": "20",
		"CompanyCurrency": "USD",
		"QuantityUnit": "EA",
		"CompanyCurrencyShortName": "US Dollar",
		"QuantityUnitName": "each"
	},
	{
		"ID": ".1~0100000014.2~Anav Ideon.3~USD.4~EA.5~US Dollar.6~each",
		"Supplier": "100000014",
		"SupplierName": "Anav Ideon",
		"GrossAmountInCompanyCurrency": "23233.56",
		"NetUnitPriceInCompanyCurrency": "307.00",
		"Quantity": "60",
		"CompanyCurrency": "USD",
		"QuantityUnit": "EA",
		"CompanyCurrencyShortName": "US Dollar",
		"QuantityUnitName": "each"
	},
	{
		"ID": ".1~0100000041.2~South American IT Company.3~USD.4~EA.5~US Dollar.6~each",
		"Supplier": "100000041",
		"SupplierName": "South American IT Company",
		"GrossAmountInCompanyCurrency": "3217.76",
		"NetUnitPriceInCompanyCurrency": "169.00",
		"Quantity": "16",
		"CompanyCurrency": "USD",
		"QuantityUnit": "EA",
		"CompanyCurrencyShortName": "US Dollar",
		"QuantityUnitName": "each"
	},
	{
		"ID": ".1~0100000015.2~Robert Brown Entertainment.3~USD.4~EA.5~US Dollar.6~each",
		"Supplier": "100000015",
		"SupplierName": "Robert Brown Entertainment",
		"GrossAmountInCompanyCurrency": "25261.32",
		"NetUnitPriceInCompanyCurrency": "334.75",
		"Quantity": "60",
		"CompanyCurrency": "USD",
		"QuantityUnit": "EA",
		"CompanyCurrencyShortName": "US Dollar",
		"QuantityUnitName": "each"
	},
	{
		"ID": ".1~0100000034.2~Japan Insurance Partner.3~USD.4~EA.5~US Dollar.6~each",
		"Supplier": "100000034",
		"SupplierName": "Japan Insurance Partner",
		"GrossAmountInCompanyCurrency": "333.20",
		"NetUnitPriceInCompanyCurrency": "14.00",
		"Quantity": "20",
		"CompanyCurrency": "USD",
		"QuantityUnit": "EA",
		"CompanyCurrencyShortName": "US Dollar",
		"QuantityUnitName": "each"
	},
	{
		"ID": ".1~0100000009.2~Telecomunicaciones Star.3~USD.4~EA.5~US Dollar.6~each",
		"Supplier": "100000009",
		"SupplierName": "Telecomunicaciones Star",
		"GrossAmountInCompanyCurrency": "42308.48",
		"NetUnitPriceInCompanyCurrency": "469.66",
		"Quantity": "86",
		"CompanyCurrency": "USD",
		"QuantityUnit": "EA",
		"CompanyCurrencyShortName": "US Dollar",
		"QuantityUnitName": "each"
	},
	{
		"ID": ".1~0100000017.2~Meliva.3~USD.4~EA.5~US Dollar.6~each",
		"Supplier": "100000017",
		"SupplierName": "Meliva",
		"GrossAmountInCompanyCurrency": "46332.65",
		"NetUnitPriceInCompanyCurrency": "562.62",
		"Quantity": "79",
		"CompanyCurrency": "USD",
		"QuantityUnit": "EA",
		"CompanyCurrencyShortName": "US Dollar",
		"QuantityUnitName": "each"
	},
	{
		"ID": ".1~0100000002.2~DelBont Industries.3~USD.4~EA.5~US Dollar.6~each",
		"Supplier": "100000002",
		"SupplierName": "DelBont Industries",
		"GrossAmountInCompanyCurrency": "5990.88",
		"NetUnitPriceInCompanyCurrency": "89.90",
		"Quantity": "56",
		"CompanyCurrency": "USD",
		"QuantityUnit": "EA",
		"CompanyCurrencyShortName": "US Dollar",
		"QuantityUnitName": "each"
	},
	{
		"ID": ".1~0100000003.2~Talpa.3~USD.4~EA.5~US Dollar.6~each",
		"Supplier": "100000003",
		"SupplierName": "Talpa",
		"GrossAmountInCompanyCurrency": "3422.88",
		"NetUnitPriceInCompanyCurrency": "79.90",
		"Quantity": "36",
		"CompanyCurrency": "USD",
		"QuantityUnit": "EA",
		"CompanyCurrencyShortName": "US Dollar",
		"QuantityUnitName": "each"
	},
	{
		"ID": ".1~0100000012.2~New Line Design.3~USD.4~EA.5~US Dollar.6~each",
		"Supplier": "100000012",
		"SupplierName": "New Line Design",
		"GrossAmountInCompanyCurrency": "2134.86",
		"NetUnitPriceInCompanyCurrency": "39.00",
		"Quantity": "46",
		"CompanyCurrency": "USD",
		"QuantityUnit": "EA",
		"CompanyCurrencyShortName": "US Dollar",
		"QuantityUnitName": "each"
	},
	{
		"ID": ".1~0100000022.2~Quimica Madrilenos.3~USD.4~EA.5~US Dollar.6~each",
		"Supplier": "100000022",
		"SupplierName": "Quimica Madrilenos",
		"GrossAmountInCompanyCurrency": "57050.98",
		"NetUnitPriceInCompanyCurrency": "1125.28",
		"Quantity": "46",
		"CompanyCurrency": "USD",
		"QuantityUnit": "EA",
		"CompanyCurrencyShortName": "US Dollar",
		"QuantityUnitName": "each"
	},
	{
		"ID": ".1~0100000011.2~Alpine Systems.3~USD.4~EA.5~US Dollar.6~each",
		"Supplier": "100000011",
		"SupplierName": "Alpine Systems",
		"GrossAmountInCompanyCurrency": "385.87",
		"NetUnitPriceInCompanyCurrency": "6.90",
		"Quantity": "47",
		"CompanyCurrency": "USD",
		"QuantityUnit": "EA",
		"CompanyCurrencyShortName": "US Dollar",
		"QuantityUnitName": "each"
	},
	{
		"ID": ".1~0100000033.2~PC Gym Tec.3~USD.4~EA.5~US Dollar.6~each",
		"Supplier": "100000033",
		"SupplierName": "PC Gym Tec",
		"GrossAmountInCompanyCurrency": "123.68",
		"NetUnitPriceInCompanyCurrency": "12.98",
		"Quantity": "8",
		"CompanyCurrency": "USD",
		"QuantityUnit": "EA",
		"CompanyCurrencyShortName": "US Dollar",
		"QuantityUnitName": "each"
	},
	{
		"ID": ".1~0100000035.2~Entertainment Argentinia.3~USD.4~EA.5~US Dollar.6~each",
		"Supplier": "100000035",
		"SupplierName": "Entertainment Argentinia",
		"GrossAmountInCompanyCurrency": "3037.32",
		"NetUnitPriceInCompanyCurrency": "70.89",
		"Quantity": "36",
		"CompanyCurrency": "USD",
		"QuantityUnit": "EA",
		"CompanyCurrencyShortName": "US Dollar",
		"QuantityUnitName": "each"
	},
	{
		"ID": ".1~0100000031.2~Baleda.3~USD.4~EA.5~US Dollar.6~each",
		"Supplier": "100000031",
		"SupplierName": "Baleda",
		"GrossAmountInCompanyCurrency": "32865.18",
		"NetUnitPriceInCompanyCurrency": "390.36",
		"Quantity": "74",
		"CompanyCurrency": "USD",
		"QuantityUnit": "EA",
		"CompanyCurrencyShortName": "US Dollar",
		"QuantityUnitName": "each"
	},
	{
		"ID": ".1~0100000042.2~Siwusha.3~USD.4~EA.5~US Dollar.6~each",
		"Supplier": "100000042",
		"SupplierName": "Siwusha",
		"GrossAmountInCompanyCurrency": "3598.56",
		"NetUnitPriceInCompanyCurrency": "189.00",
		"Quantity": "16",
		"CompanyCurrency": "USD",
		"QuantityUnit": "EA",
		"CompanyCurrencyShortName": "US Dollar",
		"QuantityUnitName": "each"
	},
	{
		"ID": ".1~0100000006.2~Asia High tech.3~USD.4~EA.5~US Dollar.6~each",
		"Supplier": "100000006",
		"SupplierName": "Asia High tech",
		"GrossAmountInCompanyCurrency": "3861.55",
		"NetUnitPriceInCompanyCurrency": "55.00",
		"Quantity": "59",
		"CompanyCurrency": "USD",
		"QuantityUnit": "EA",
		"CompanyCurrencyShortName": "US Dollar",
		"QuantityUnitName": "each"
	},
	{
		"ID": ".1~0100000010.2~Pear Computing Services.3~USD.4~EA.5~US Dollar.6~each",
		"Supplier": "100000010",
		"SupplierName": "Pear Computing Services",
		"GrossAmountInCompanyCurrency": "22421.22",
		"NetUnitPriceInCompanyCurrency": "191.84",
		"Quantity": "82",
		"CompanyCurrency": "USD",
		"QuantityUnit": "EA",
		"CompanyCurrencyShortName": "US Dollar",
		"QuantityUnitName": "each"
	},
	{
		"ID": ".1~0100000040.2~Chemia A Technicznie Fabryka.3~USD.4~EA.5~US Dollar.6~each",
		"Supplier": "100000040",
		"SupplierName": "Chemia A Technicznie Fabryka",
		"GrossAmountInCompanyCurrency": "2965.48",
		"NetUnitPriceInCompanyCurrency": "89.00",
		"Quantity": "28",
		"CompanyCurrency": "USD",
		"QuantityUnit": "EA",
		"CompanyCurrencyShortName": "US Dollar",
		"QuantityUnitName": "each"
	},
	{
		"ID": ".1~0100000039.2~Indian IT Trading Company.3~USD.4~EA.5~US Dollar.6~each",
		"Supplier": "100000039",
		"SupplierName": "Indian IT Trading Company",
		"GrossAmountInCompanyCurrency": "5526.36",
		"NetUnitPriceInCompanyCurrency": "129.00",
		"Quantity": "36",
		"CompanyCurrency": "USD",
		"QuantityUnit": "EA",
		"CompanyCurrencyShortName": "US Dollar",
		"QuantityUnitName": "each"
	},
	{
		"ID": ".1~0100000004.2~Panorama Studios.3~USD.4~EA.5~US Dollar.6~each",
		"Supplier": "100000004",
		"SupplierName": "Panorama Studios",
		"GrossAmountInCompanyCurrency": "26592.45",
		"NetUnitPriceInCompanyCurrency": "204.46",
		"Quantity": "103",
		"CompanyCurrency": "USD",
		"QuantityUnit": "EA",
		"CompanyCurrencyShortName": "US Dollar",
		"QuantityUnitName": "each"
	},
	{
		"ID": ".1~0100000027.2~Developement Para O Governo.3~USD.4~EA.5~US Dollar.6~each",
		"Supplier": "100000027",
		"SupplierName": "Developement Para O Governo",
		"GrossAmountInCompanyCurrency": "23647.68",
		"NetUnitPriceInCompanyCurrency": "424.57",
		"Quantity": "52",
		"CompanyCurrency": "USD",
		"QuantityUnit": "EA",
		"CompanyCurrencyShortName": "US Dollar",
		"QuantityUnitName": "each"
	},
	{
		"ID": ".1~0100000023.2~Getränkegroßhandel Janssen.3~USD.4~EA.5~US Dollar.6~each",
		"Supplier": "100000023",
		"SupplierName": "Getränkegroßhandel Janssen",
		"GrossAmountInCompanyCurrency": "157056.20",
		"NetUnitPriceInCompanyCurrency": "2972.00",
		"Quantity": "46",
		"CompanyCurrency": "USD",
		"QuantityUnit": "EA",
		"CompanyCurrencyShortName": "US Dollar",
		"QuantityUnitName": "each"
	},
	{
		"ID": ".1~0100000032.2~Angeré.3~USD.4~EA.5~US Dollar.6~each",
		"Supplier": "100000032",
		"SupplierName": "Angeré",
		"GrossAmountInCompanyCurrency": "171.20",
		"NetUnitPriceInCompanyCurrency": "8.99",
		"Quantity": "16",
		"CompanyCurrency": "USD",
		"QuantityUnit": "EA",
		"CompanyCurrencyShortName": "US Dollar",
		"QuantityUnitName": "each"
	},
	{
		"ID": ".1~0100000028.2~Brazil Technologies.3~USD.4~EA.5~US Dollar.6~each",
		"Supplier": "100000028",
		"SupplierName": "Brazil Technologies",
		"GrossAmountInCompanyCurrency": "17359.72",
		"NetUnitPriceInCompanyCurrency": "148.85",
		"Quantity": "98",
		"CompanyCurrency": "USD",
		"QuantityUnit": "EA",
		"CompanyCurrencyShortName": "US Dollar",
		"QuantityUnitName": "each"
	},
	{
		"ID": ".1~0100000026.2~Vente Et Réparation de Ordinateur.3~USD.4~EA.5~US Dollar.6~each",
		"Supplier": "100000026",
		"SupplierName": "Vente Et Réparation de Ordinateur",
		"GrossAmountInCompanyCurrency": "38848.74",
		"NetUnitPriceInCompanyCurrency": "415.54",
		"Quantity": "78",
		"CompanyCurrency": "USD",
		"QuantityUnit": "EA",
		"CompanyCurrencyShortName": "US Dollar",
		"QuantityUnitName": "each"
	},
	{
		"ID": ".1~0100000025.2~Tessile Casa Di Roma.3~USD.4~EA.5~US Dollar.6~each",
		"Supplier": "100000025",
		"SupplierName": "Tessile Casa Di Roma",
		"GrossAmountInCompanyCurrency": "1055259.87",
		"NetUnitPriceInCompanyCurrency": "8917.54",
		"Quantity": "91",
		"CompanyCurrency": "USD",
		"QuantityUnit": "EA",
		"CompanyCurrencyShortName": "US Dollar",
		"QuantityUnitName": "each"
	},
	{
		"ID": ".1~0100000020.2~Russian Electronic Trading Company.3~USD.4~EA.5~US Dollar.6~each",
		"Supplier": "100000020",
		"SupplierName": "Russian Electronic Trading Company",
		"GrossAmountInCompanyCurrency": "37342.20",
		"NetUnitPriceInCompanyCurrency": "655.39",
		"Quantity": "40",
		"CompanyCurrency": "USD",
		"QuantityUnit": "EA",
		"CompanyCurrencyShortName": "US Dollar",
		"QuantityUnitName": "each"
	},
	{
		"ID": ".1~0100000018.2~Compostela.3~USD.4~EA.5~US Dollar.6~each",
		"Supplier": "100000018",
		"SupplierName": "Compostela",
		"GrossAmountInCompanyCurrency": "24615.15",
		"NetUnitPriceInCompanyCurrency": "330.13",
		"Quantity": "71",
		"CompanyCurrency": "USD",
		"QuantityUnit": "EA",
		"CompanyCurrencyShortName": "US Dollar",
		"QuantityUnitName": "each"
	}
]