<?xml version="1.0" encoding="utf-8"?>
<edmx:Edmx Version="1.0" xmlns:edmx="http://schemas.microsoft.com/ado/2007/06/edmx"
	xmlns:m="http://schemas.microsoft.com/ado/2007/08/dataservices/metadata" xmlns:sap="http://www.sap.com/Protocols/SAPData">
	<edmx:Reference
		Uri="https://dev.s4.ovly:80/sap/opu/odata/IWFND/CATALOGSERVICE;v=2/Vocabularies(TechnicalName='%2FIWBEP%2FVOC_COMMON',Version='0001',SAP__Origin='LOCAL')/$value"
		xmlns:edmx="http://docs.oasis-open.org/odata/ns/edmx"><edmx:Include Namespace="com.sap.vocabularies.Common.v1" Alias="Common"/></edmx:Reference>
	<edmx:Reference
		Uri="https://dev.s4.ovly:80/sap/opu/odata/IWFND/CATALOGSERVICE;v=2/Vocabularies(TechnicalName='%2FIWBEP%2FVOC_CAPABILITIES',Version='0001',SAP__Origin='LOCAL')/$value"
		xmlns:edmx="http://docs.oasis-open.org/odata/ns/edmx"><edmx:Include Namespace="Org.OData.Capabilities.V1" Alias="Capabilities"/></edmx:Reference>
	<edmx:Reference
		Uri="https://dev.s4.ovly:80/sap/opu/odata/IWFND/CATALOGSERVICE;v=2/Vocabularies(TechnicalName='%2FIWBEP%2FVOC_COMMUNICATION',Version='0001',SAP__Origin='LOCAL')/$value"
		xmlns:edmx="http://docs.oasis-open.org/odata/ns/edmx"><edmx:Include Namespace="com.sap.vocabularies.Communication.v1" Alias="Communication"/></edmx:Reference>
	<edmx:DataServices m:DataServiceVersion="2.0">
		<Schema Namespace="ZT46_24_EMPLOYEES1_CDS" xml:lang="en" sap:schema-version="1" xmlns="http://schemas.microsoft.com/ado/2008/09/edm">
			<EntityType Name="ZT46_24_EMPLOYEES1Type" sap:label="Lista de Funcionarios" sap:content-version="1">
				<Key><PropertyRef Name="id"/></Key><Property Name="id" Type="Edm.Guid" Nullable="false" sap:label="ID" sap:quickinfo="Employee ID"/><Property Name="first_name" Type="Edm.String" MaxLength="40" sap:label="First Name" sap:quickinfo="EPM: First Name"/><Property Name="last_name" Type="Edm.String" MaxLength="40" sap:label="Last Name" sap:quickinfo="EPM: Last Name"/><Property Name="full_name" Type="Edm.String" MaxLength="122" sap:display-format="UpperCase" sap:label="Full Name"/><Property Name="login_name" Type="Edm.String" MaxLength="12" sap:display-format="UpperCase" sap:label="User Name"/><Property Name="title" Type="Edm.String" MaxLength="2" sap:display-format="UpperCase" sap:label="Title"/><Property Name="email_address" Type="Edm.String" MaxLength="255" sap:label="Email" sap:quickinfo="EPM: E-Mail Address" sap:semantics="email"/><Property Name="mobile_number" Type="Edm.String" MaxLength="30" sap:display-format="UpperCase" sap:label="Mobile Phone Number"
					sap:quickinfo="EPM: Mobile Phone Number" sap:semantics="tel"/><Property Name="picture" Type="Edm.String" MaxLength="255" sap:display-format="UpperCase" sap:label="Pic URI" sap:quickinfo="URL da Imagem"/></EntityType>
			<EntityContainer Name="ZT46_24_EMPLOYEES1_CDS_Entities" m:IsDefaultEntityContainer="true" sap:supported-formats="atom json xlsx"><EntitySet Name="ZT46_24_EMPLOYEES1" EntityType="ZT46_24_EMPLOYEES1_CDS.ZT46_24_EMPLOYEES1Type" sap:creatable="false" sap:updatable="false"
				sap:deletable="false" sap:content-version="1"/></EntityContainer><atom:link rel="self" href="https://dev.s4.ovly:80/sap/opu/odata/sap/ZT46_24_EMPLOYEES1_CDS/$metadata"
				xmlns:atom="http://www.w3.org/2005/Atom"/><atom:link rel="latest-version" href="https://dev.s4.ovly:80/sap/opu/odata/sap/ZT46_24_EMPLOYEES1_CDS/$metadata"
				xmlns:atom="http://www.w3.org/2005/Atom"/></Schema>
	</edmx:DataServices>
</edmx:Edmx>