{
  "Products": [
    {
      "ID": 0,
      "ProductName": "Bread",
      "Description": "Whole grain bread",
      "ReleaseDate": "1992-01-01T00:00:00",
      "DiscontinuedDate": null,
      "Rating": 4,
      "Price": 2.5,
      "Plant": "NY",
      "Image": "product",
      "Value": "single",
      "Status": "S"
    },
    {
      "ID": 1,
      "ProductName": "Milk",
      "Description": "Low fat milk",
      "ReleaseDate": "1995-10-01T00:00:00",
      "DiscontinuedDate": null,
      "Rating": 3,
      "Price": 3.5,
      "Plant": "NY",
      "Image": "product",
      "Value": "single",
      "Status": "S"
    },
    {
      "ID": 2,
      "ProductName": "Vint soda",
      "Description": "Americana Variety - Mix of 6 flavors",
      "ReleaseDate": "2000-10-01T00:00:00",
      "DiscontinuedDate": null,
      "Rating": 3,
      "Price": 20.9,
      "Plant": "NY",
      "Image": "product",
      "Value": "single",
      "Status": "S"
    },
    {
      "ID": 3,
      "ProductName": "Havina Cola",
      "Description": "The Original Key Lime Cola",
      "ReleaseDate": "2005-10-01T00:00:00",
      "DiscontinuedDate": "2006-10-01T00:00:00",
      "Rating": 3,
      "Price": 19.9,
      "Plant": "NY",
      "Image": "product",
      "Value": "single",
      "Status": "S"
    },
    {
      "ID": 4,
      "ProductName": "Fruit Punch",
      "Description": "Mango flavor, 8.3 Ounce Cans (Pack of 24)",
      "ReleaseDate": "2003-01-05T00:00:00",
      "DiscontinuedDate": null,
      "Rating": 3,
      "Price": 22.99,
      "Plant": "NY",
      "Image": "product",
      "Value": "single",
      "Status": "S"
    },
    {
      "ID": 5,
      "ProductName": "Cranberry Juice",
      "Description": "16-Ounce Plastic Bottles (Pack of 12)",
      "ReleaseDate": "2006-08-04T00:00:00",
      "DiscontinuedDate": null,
      "Rating": 3,
      "Price": 22.8,
      "Plant": "NY",
      "Image": "product",
      "Value": "single",
      "Status": "S"
    },
    {
      "ID": 6,
      "ProductName": "Pink Lemonade",
      "Description": "36 Ounce Cans (Pack of 3)",
      "ReleaseDate": "2006-11-05T00:00:00",
      "DiscontinuedDate": null,
      "Rating": 3,
      "Price": 18.8,
      "Plant": "NY",
      "Image": "product",
      "Value": "single",
      "Status": "S"
    },
    {
      "ID": 7,
      "ProductName": "DVD Player",
      "Description": "1080P Upconversion DVD Player",
      "ReleaseDate": "2006-11-15T00:00:00",
      "DiscontinuedDate": null,
      "Rating": 5,
      "Price": 35.88,
      "Plant": "NY",
      "Image": "product",
      "Value": "single",
      "Status": "S"
    },
    {
      "ID": 8,
      "ProductName": "LCD HDTV",
      "Description": "42 inch 1080p LCD with Built-in Blu-ray Disc Player",
      "ReleaseDate": "2008-05-08T00:00:00",
      "DiscontinuedDate": null,
      "Rating": 3,
      "Price": 1088.8,
      "Plant": "NY",
      "Image": "product",
      "Value": "single",
      "Status": "S"
    },
    {
      "odata.type": "ODataDemo.FeaturedProduct",
      "ID": 9,
      "ProductName": "Lemonade",
      "Description": "Classic, refreshing lemonade (Single bottle)",
      "ReleaseDate": "1970-01-01T00:00:00",
      "DiscontinuedDate": null,
      "Rating": 7,
      "Price": 1.01,
      "Plant": "NY",
      "Image": "product",
      "Value": "single",
      "Status": "S"
    },
    {
      "odata.type": "ODataDemo.FeaturedProduct",
      "ID": 10,
      "ProductName": "Coffee",
      "Description": "Bulk size can of instant coffee",
      "ReleaseDate": "1982-12-31T00:00:00",
      "DiscontinuedDate": null,
      "Rating": 1,
      "Price": 6.99,
      "Plant": "NY",
      "Image": "product",
      "Value": "single",
      "Status": "S"
    }
  ]
}