<core:FragmentDefinition xmlns="sap.m" xmlns:core="sap.ui.core">
	
	<Dialog title="Fornecedor" resizable="false" draggable="false" contentWidth="20%">
		<content>
			
		<sap.ui.layout.form:SimpleForm xmlns:sap.ui.layout.form="sap.ui.layout.form" editable="true" layout="ResponsiveGridLayout" id="form0">
			
		    <sap.ui.layout.form:content>
			
		        <core:Title text="Fornecedor" id="title0"/>
			
		        <Label text="Supplier" id="label0"/>
		        <Input width="100%" id="input0" value="{SupplierID}"/>
		        
		        <Label text="Company Name"/>
		        <Input width="100%" id="input1" value="{CompanyName}"/>
			
		        <Label text="Contact Name"/>
		        <Input width="100%" id="input2" value="{ContactName}"/>

		        <Label text="Address / City"/>
		        <Input width="100%" value="{Address} {City}"/>
		        
		        </sap.ui.layout.form:content>
			
		</sap.ui.layout.form:SimpleForm>
			
		</content>
	<buttons>
	    <Button xmlns="sap.m" text="Fechar" id="button0" press="onClose"/>
	</buttons>
	</Dialog>
	
</core:FragmentDefinition>