<core:FragmentDefinition xmlns="sap.m" xmlns:core="sap.ui.core">
	<Table noDataText="Drop column list items here and columns in the area above" id="table0" items="{path:'/Products',parameters:{select:'ProductID,ProductName,QuantityPerUnit,UnitPrice'}}">
		<items>
			<ColumnListItem type="Active" id="item0">
				<cells>
					<ObjectIdentifier xmlns="sap.m" title="{ProductName}" titleActive="fasle" id="identifier1" text="{ProductID}"/></cells>
					<Text id="text1" text="{QuantityPerUnit}"/>
					<Text id="text2" text="{UnitPrice}"/>
					<Button xmlns="sap.m" text="Fornecedor" id="button0" icon="sap-icon://factory" press="onDetalhes"/>
			</ColumnListItem>
		</items>
		<columns>
			<Column id="column0">
				<header>
					<Label text="Produto" id="label0"/>
				</header>
			</Column>
			<Column id="column1">
				<header>
					<Label id="label1" text="Quantidade"/>
				</header>
			</Column>
			<Column id="column2">
				<header>
					<Label text="Preço" id="label2"/>
				</header>
			</Column>
			<Column id="column0_1591208624284">
			    <header>
			        <Text text="Detalhes" id="text3"/>
			    </header>
			</Column>
		</columns>
	</Table>
</core:FragmentDefinition>