{
  "ProductID": 10,
  "ProductName": "Ikura",
  "SupplierID": 4,
  "CategoryID": 8,
  "QuantityPerUnit": "12 - 200 ml jars",
  "UnitPrice": "31.0000",
  "UnitsInStock": 31,
  "UnitsOnOrder": 0,
  "ReorderLevel": 0,
  "Discontinued": false,
  "Enabled": true,
  "Supplier": {
    "SupplierID": 4,
    "CompanyName": "Tokyo Traders",
    "ContactName": "Yoshi Nagase",
    "ContactTitle": "Marketing Manager",
    "Address": "9-8 Sekimai Musashino-shi",
    "City": "Tokyo",
    "Region": null,
    "PostalCode": "100",
    "Country": "Japan",
    "Phone": "(03) 3555-5011",
    "Fax": null,
    "HomePage": null
    
  }
}