{
	"animals": [{
		"name": "Tiger",
		"city": "Rajasthan",
		"place": "Ranthambore National Park",		
		"type": "Wild",
		"photo": "https://www.balisafarimarinepark.com/wp-content/uploads/2017/11/19437535_10154869044788931_4755399083724169206_n-671.jpg"
	}, {
		"name": "Elephant",
		"city": "Karnataka",
		"place": "Bandipur National Park",		
		"type": "Wild",
		"photo": "https://mondrian.mashable.com/uploads%252Fcard%252Fimage%252F887009%252F49d251da-d190-49d8-80ad-5f12221574b4.jpg%252F950x534__filters%253Aquality%252890%2529.jpg?signature=uKR_hXmFN6Tggkc-7UZZ4sipcZw=&source=https%3A%2F%2Fblueprint-api-production.s3.amazonaws.com"
	},
	{
		"name": "Deer",
		"city": "Bharatpur",
		"place": "Keoladeo Ghana National Park",		
		"type": "Wild",
		"photo": "http://diyfixated.com/wp-content/uploads/2016/06/liquid-deer-repellent.jpg"
	},
	{
		"name": "Lion",
		"city": "Gujarat",
		"place": "Sasan Gir National Park",		
		"type": "Wild",
		"photo": "https://static.scientificamerican.com/blogs/cache/file/213066DD-02AB-4054-8B9E533F108218FD_source.jpg?w=590&h=800&5E75D472-9EA9-4C26-908553D0D877CEF0"
	},
	{
		"name": "Water bird",
		"city": "Tamil Nadu",
		"place": "Vedanthangal Bird Sanctuary",		
		"type": "Bird",
		"photo": "https://thumbs-prod.si-cdn.com/c3phl1TZgQ92bLQugItmtovLZhs=/fit-in/1600x0/https://public-media.si-cdn.com/filer/54/10/5410da58-2295-4e3a-a847-fecd41cdcdd9/scarlet_tanager.jpg"
	}]}